work_year,experience_level,employment_type,job_title,salary_in_usd,employee_residence,remote_ratio,company_location,company_size,predicted_salary_usd
2020,Mid-Level,Full-Time,Data Scientist,79833,DE,On-Site,DE,Large,62803
2020,Senior,Full-Time,Machine Learning Scientist,260000,JP,On-Site,JP,Small,184658
2020,Senior,Full-Time,Big Data Engineer,109024,GB,Hybrid,GB,Medium,80281
2020,Mid-Level,Full-Time,Product Data Analyst,20000,HN,On-Site,HN,Small,42130
2020,Senior,Full-Time,Machine Learning Engineer,150000,US,Hybrid,US,Large,180995
2020,Entry-Level,Full-Time,Data Analyst,72000,US,Fully Remote,US,Large,80433
2020,Senior,Full-Time,Lead Data Scientist,190000,US,Fully Remote,US,Small,191226
2020,Mid-Level,Full-Time,Data Scientist,35735,HU,Hybrid,HU,Large,38005
2020,Mid-Level,Full-Time,Business Data Analyst,135000,US,Fully Remote,US,Large,111948
2020,Senior,Full-Time,Lead Data Engineer,125000,NZ,Hybrid,NZ,Small,101839
2020,Entry-Level,Full-Time,Data Scientist,51321,FR,On-Site,FR,Small,38947
2020,Mid-Level,Full-Time,Data Scientist,40481,IN,On-Site,IN,Large,25694
2020,Entry-Level,Full-Time,Data Scientist,39916,FR,On-Site,FR,Medium,44996
2020,Mid-Level,Full-Time,Lead Data Analyst,87000,US,Fully Remote,US,Large,151106
2020,Mid-Level,Full-Time,Data Analyst,85000,US,Fully Remote,US,Large,93462
2020,Mid-Level,Full-Time,Data Analyst,8000,PK,Hybrid,PK,Large,16496
2020,Entry-Level,Full-Time,Data Engineer,41689,JP,Fully Remote,JP,Small,48920
2020,Senior,Full-Time,Big Data Engineer,114047,PL,Fully Remote,GB,Small,51008
2020,Entry-Level,Full-Time,Data Science Consultant,5707,IN,Hybrid,IN,Medium,8908
2020,Mid-Level,Full-Time,Lead Data Engineer,56000,PT,Fully Remote,US,Medium,53525
2020,Mid-Level,Full-Time,Machine Learning Engineer,43331,CN,On-Site,CN,Medium,71968
2020,Mid-Level,Full-Time,Product Data Analyst,6072,IN,Fully Remote,IN,Large,5171
2020,Senior,Full-Time,Data Engineer,47899,GR,Hybrid,GR,Large,68653
2020,Mid-Level,Full-Time,BI Data Analyst,98000,US,On-Site,US,Medium,108251
2020,Mid-Level,Full-Time,Lead Data Scientist,115000,AE,On-Site,AE,Large,102125
2020,Executive,Full-Time,Director of Data Science,325000,US,Fully Remote,US,Large,297442
2020,Entry-Level,Full-Time,Research Scientist,42000,NL,Hybrid,NL,Large,61949
2020,Senior,Full-Time,Data Engineer,33511,MX,On-Site,MX,Small,66300
2020,Entry-Level,Contract,Business Data Analyst,100000,US,Fully Remote,US,Large,101677
2020,Senior,Full-Time,Machine Learning Manager,117104,CA,Hybrid,CA,Large,111805
2020,Mid-Level,Full-Time,Data Engineering Manager,59303,DE,Fully Remote,DE,Small,64112
2020,Entry-Level,Full-Time,Big Data Engineer,70000,US,Fully Remote,US,Large,90279
2020,Senior,Full-Time,Data Scientist,68428,GR,Fully Remote,US,Large,86116
2020,Mid-Level,Full-Time,Research Scientist,450000,US,On-Site,US,Medium,177756
2020,Mid-Level,Full-Time,Data Analyst,46759,FR,Hybrid,FR,Large,40138
2020,Mid-Level,Full-Time,Data Engineer,74130,AT,Hybrid,AT,Large,81743
2020,Mid-Level,Full-Time,Data Science Consultant,103000,US,Fully Remote,US,Large,109743
2020,Entry-Level,Full-Time,Machine Learning Engineer,250000,US,Hybrid,US,Large,148869
2020,Entry-Level,Full-Time,Data Analyst,10000,NG,Fully Remote,NG,Small,24018
2020,Entry-Level,Full-Time,Machine Learning Engineer,138000,US,Fully Remote,US,Small,133715
2020,Mid-Level,Full-Time,Data Scientist,45760,PH,Fully Remote,US,Small,38765
2020,Executive,Full-Time,Data Engineering Manager,79833,ES,Hybrid,ES,Large,96686
2020,Mid-Level,Full-Time,Machine Learning Infrastructure Engineer,50180,PT,On-Site,PT,Medium,50185
2020,Mid-Level,Full-Time,Data Engineer,106000,US,Fully Remote,US,Large,130076
2020,Mid-Level,Full-Time,Data Engineer,112872,GB,Hybrid,GB,Large,63376
2020,Entry-Level,Part-Time,ML Engineer,15966,DE,Fully Remote,DE,Small,75542
2020,Mid-Level,Full-Time,Data Scientist,76958,GB,Fully Remote,GB,Small,55225
2020,Senior,Full-Time,Data Engineer,188000,US,Fully Remote,US,Large,157389
2020,Mid-Level,Full-Time,Data Scientist,105000,US,Fully Remote,US,Large,132008
2020,Mid-Level,Full-Time,Data Engineer,70139,FR,Hybrid,FR,Large,56758
2020,Entry-Level,Full-Time,Data Analyst,6072,IN,On-Site,IN,Small,6785
2020,Entry-Level,Full-Time,Data Analyst,91000,US,Fully Remote,US,Large,80433
2020,Entry-Level,Full-Time,AI Scientist,45896,DK,Hybrid,DK,Small,41044
2020,Entry-Level,Full-Time,Data Engineer,54742,PK,Fully Remote,DE,Large,41462
2020,Senior,Freelance,Computer Vision Engineer,60000,RU,Fully Remote,US,Small,58473
2020,Senior,Full-Time,Principal Data Scientist,148261,DE,Fully Remote,DE,Medium,143018
2020,Mid-Level,Full-Time,Data Scientist,38776,ES,Fully Remote,ES,Medium,43623
2020,Mid-Level,Full-Time,Data Scientist,118000,US,Fully Remote,US,Medium,129928
2020,Senior,Full-Time,Data Scientist,120000,US,Hybrid,US,Large,162825
2020,Mid-Level,Full-Time,Data Scientist,138350,US,Fully Remote,US,Medium,129928
2020,Mid-Level,Full-Time,Data Engineer,110000,US,Fully Remote,US,Large,130076
2020,Mid-Level,Full-Time,Data Engineer,130800,ES,Fully Remote,US,Medium,54142
2020,Entry-Level,Part-Time,Data Scientist,21669,IT,Hybrid,IT,Small,31530
2020,Senior,Full-Time,Data Scientist,412000,US,Fully Remote,US,Large,164449
2020,Senior,Full-Time,Machine Learning Engineer,45618,HR,Fully Remote,HR,Small,79001
2020,Entry-Level,Full-Time,Data Scientist,62726,DE,Hybrid,DE,Small,57303
2020,Entry-Level,Full-Time,Data Scientist,49268,DE,On-Site,DE,Small,52922
2020,Senior,Full-Time,Data Science Manager,190200,US,Fully Remote,US,Medium,172982
2020,Entry-Level,Full-Time,Data Scientist,105000,US,Fully Remote,US,Small,104855
2020,Senior,Full-Time,Data Scientist,91237,AT,On-Site,AT,Small,56296
2020,Mid-Level,Full-Time,Data Scientist,62726,FR,Hybrid,LU,Small,49431
2020,Mid-Level,Full-Time,Data Scientist,42197,FR,Hybrid,FR,Small,41591
2021,Entry-Level,Full-Time,Research Scientist,82528,GB,Hybrid,GB,Large,87119
2021,Executive,Full-Time,BI Data Analyst,150000,IN,Fully Remote,US,Large,77182
2021,Executive,Full-Time,Head of Data,235000,US,Fully Remote,US,Large,249192
2021,Senior,Full-Time,Data Scientist,53192,FR,Hybrid,FR,Large,72861
2021,Mid-Level,Full-Time,BI Data Analyst,100000,US,Fully Remote,US,Medium,101598
2021,Mid-Level,Part-Time,3D Computer Vision Researcher,5409,IN,Hybrid,IN,Medium,12300
2021,Mid-Level,Contract,ML Engineer,270000,US,Fully Remote,US,Large,251267
2021,Entry-Level,Full-Time,Data Analyst,80000,US,Fully Remote,US,Medium,75647
2021,Senior,Full-Time,Data Analytics Engineer,79197,DE,Fully Remote,DE,Large,79227
2021,Mid-Level,Full-Time,Data Engineer,140000,US,Fully Remote,US,Large,137018
2021,Mid-Level,Full-Time,Applied Data Scientist,54238,GB,Hybrid,CA,Large,75009
2021,Mid-Level,Full-Time,Machine Learning Engineer,47282,ES,Fully Remote,ES,Small,42751
2021,Executive,Full-Time,Director of Data Science,153667,IT,Fully Remote,PL,Large,123145
2021,Mid-Level,Full-Time,Data Engineer,28476,PL,Fully Remote,PL,Large,40889
2021,Entry-Level,Full-Time,Data Analyst,59102,FR,Hybrid,FR,Medium,30081
2021,Mid-Level,Full-Time,Data Analytics Engineer,110000,US,Fully Remote,US,Large,106669
2021,Senior,Full-Time,Lead Data Analyst,170000,US,Fully Remote,US,Large,186957
2021,Senior,Full-Time,Data Analyst,80000,BG,Fully Remote,US,Small,67654
2021,Senior,Full-Time,Marketing Data Analyst,88654,GR,Fully Remote,DK,Large,93567
2021,Entry-Level,Full-Time,Data Science Consultant,76833,DE,Fully Remote,DE,Small,51972
2021,Mid-Level,Full-Time,Lead Data Analyst,19609,IN,Fully Remote,IN,Large,31528
2021,Senior,Full-Time,Lead Data Engineer,276000,US,On-Site,US,Large,179341
2021,Entry-Level,Full-Time,Data Scientist,29751,IN,Hybrid,IN,Large,27149
2021,Mid-Level,Full-Time,Cloud Data Engineer,89294,SG,Hybrid,SG,Large,70432
2021,Entry-Level,Part-Time,AI Scientist,12000,BR,Fully Remote,US,Small,56225
2021,Mid-Level,Full-Time,Financial Data Analyst,450000,US,Fully Remote,US,Large,220362
2021,Entry-Level,Full-Time,Computer Vision Software Engineer,70000,US,Fully Remote,US,Medium,76910
2021,Mid-Level,Full-Time,Computer Vision Software Engineer,95746,DE,Fully Remote,US,Small,46053
2021,Mid-Level,Full-Time,Data Analyst,75000,US,On-Site,US,Large,93864
2021,Senior,Full-Time,Data Engineer,150000,US,Fully Remote,US,Large,159920
2021,Mid-Level,Full-Time,BI Data Analyst,36259,HU,Hybrid,US,Large,31828
2021,Mid-Level,Full-Time,Data Analyst,62000,US,On-Site,US,Large,93864
2021,Mid-Level,Full-Time,Data Scientist,73000,US,On-Site,US,Large,127487
2021,Mid-Level,Full-Time,Data Analyst,51519,GB,Hybrid,GB,Large,52177
2021,Mid-Level,Full-Time,Research Scientist,187442,CA,Fully Remote,CA,Large,119927
2021,Senior,Full-Time,Data Engineer,115000,US,Fully Remote,US,Small,129007
2021,Senior,Full-Time,Data Engineer,150000,US,Fully Remote,US,Medium,156054
2021,Entry-Level,Full-Time,Data Engineer,30428,IN,Fully Remote,IN,Large,28489
2021,Senior,Full-Time,Machine Learning Engineer,94564,DE,Hybrid,DE,Large,102996
2021,Senior,Full-Time,Director of Data Engineering,113476,GB,Fully Remote,GB,Medium,125090
2021,Senior,Full-Time,Lead Data Engineer,103160,GB,Fully Remote,GB,Small,107400
2021,Entry-Level,Part-Time,AI Scientist,12000,PK,Fully Remote,US,Medium,9475
2021,Mid-Level,Full-Time,Data Engineer,45391,NL,Fully Remote,NL,Large,43442
2021,Entry-Level,Full-Time,Machine Learning Scientist,225000,US,Fully Remote,US,Large,146676
2021,Mid-Level,Full-Time,Data Scientist,50000,NG,Fully Remote,NG,Large,45669
2021,Mid-Level,Full-Time,Data Science Engineer,40189,GR,Fully Remote,GR,Medium,45575
2021,Entry-Level,Full-Time,Data Analyst,90000,US,Fully Remote,US,Small,63212
2021,Mid-Level,Full-Time,Data Engineer,200000,US,Fully Remote,US,Large,137018
2021,Mid-Level,Full-Time,Big Data Engineer,60000,ES,Hybrid,RO,Medium,39216
2021,Senior,Full-Time,Principal Data Engineer,200000,US,Fully Remote,US,Medium,186513
2021,Entry-Level,Full-Time,Data Analyst,50000,US,Fully Remote,US,Medium,75647
2021,Entry-Level,Full-Time,Applied Data Scientist,110037,GB,On-Site,GB,Large,75922
2021,Entry-Level,Part-Time,Data Analyst,10354,ES,Hybrid,ES,Medium,14018
2021,Mid-Level,Full-Time,Principal Data Scientist,151000,US,Fully Remote,US,Large,156595
2021,Senior,Full-Time,Machine Learning Scientist,120000,US,Hybrid,US,Small,170091
2021,Mid-Level,Full-Time,Data Scientist,9466,IN,On-Site,IN,Small,15724
2021,Entry-Level,Full-Time,Machine Learning Engineer,20000,IN,Fully Remote,IN,Small,31458
2021,Senior,Full-Time,Lead Data Scientist,40570,IN,Hybrid,IN,Large,69652
2021,Entry-Level,Full-Time,Machine Learning Developer,100000,IQ,Hybrid,IQ,Small,56599
2021,Entry-Level,Full-Time,Data Scientist,49646,FR,Hybrid,FR,Medium,44705
2021,Mid-Level,Full-Time,Applied Machine Learning Scientist,38400,VN,Fully Remote,US,Medium,104404
2021,Senior,Full-Time,Computer Vision Engineer,24000,BR,Fully Remote,BR,Medium,31222
2021,Entry-Level,Full-Time,Data Scientist,100000,US,On-Site,US,Small,84879
2021,Mid-Level,Full-Time,Data Analyst,90000,US,Fully Remote,US,Medium,96771
2021,Mid-Level,Full-Time,ML Engineer,63711,JP,Hybrid,JP,Small,74547
2021,Mid-Level,Full-Time,ML Engineer,77364,JP,Hybrid,JP,Small,74547
2021,Senior,Full-Time,Principal Data Scientist,220000,US,On-Site,US,Large,211524
2021,Entry-Level,Full-Time,Data Scientist,80000,US,Fully Remote,US,Medium,110449
2021,Mid-Level,Full-Time,Data Analyst,135000,US,Fully Remote,US,Large,100403
2021,Senior,Full-Time,Data Science Manager,240000,US,On-Site,US,Large,183839
2021,Senior,Full-Time,Data Engineering Manager,150000,US,On-Site,US,Large,151252
2021,Mid-Level,Full-Time,Data Scientist,82500,US,Fully Remote,US,Small,111340
2021,Mid-Level,Full-Time,Data Engineer,100000,US,Fully Remote,US,Large,137018
2021,Senior,Full-Time,Machine Learning Engineer,82744,BE,Hybrid,BE,Medium,80188
2021,Mid-Level,Full-Time,Research Scientist,62649,FR,Hybrid,FR,Medium,80847
2021,Mid-Level,Full-Time,Data Engineer,90000,US,Fully Remote,US,Large,137018
2021,Senior,Full-Time,Data Engineering Manager,153000,US,Fully Remote,US,Large,159920
2021,Senior,Full-Time,Cloud Data Engineer,160000,BR,Fully Remote,US,Small,57369
2021,Senior,Full-Time,Director of Data Science,168000,JP,On-Site,JP,Small,89751
2021,Mid-Level,Full-Time,Data Scientist,150000,US,Fully Remote,US,Medium,136870
2021,Mid-Level,Full-Time,Data Scientist,75774,CA,Fully Remote,CA,Large,97436
2021,Entry-Level,Full-Time,Data Scientist,13400,UA,Fully Remote,UA,Large,27116
2021,Senior,Full-Time,Data Science Manager,144000,US,Fully Remote,US,Large,179380
2021,Senior,Full-Time,Data Science Engineer,127221,CA,Hybrid,CA,Large,103033
2021,Mid-Level,Full-Time,Data Scientist,119059,SG,Fully Remote,IL,Medium,60163
2021,Mid-Level,Full-Time,Applied Machine Learning Scientist,423000,US,Hybrid,US,Large,155452
2021,Senior,Full-Time,Data Analytics Manager,120000,US,Fully Remote,US,Medium,142858
2021,Entry-Level,Full-Time,Machine Learning Engineer,125000,US,Fully Remote,US,Small,124944
2021,Executive,Full-Time,Head of Data,230000,RU,Hybrid,RU,Large,164128
2021,Executive,Full-Time,Head of Data Science,85000,RU,On-Site,RU,Medium,94856
2021,Mid-Level,Full-Time,Data Engineer,28369,MT,Hybrid,MT,Large,40318
2021,Entry-Level,Full-Time,Data Science Consultant,63831,DE,Hybrid,DE,Large,52533
2021,Executive,Full-Time,Director of Data Science,130026,DE,Hybrid,DE,Medium,149966
2021,Senior,Full-Time,Data Specialist,165000,US,Fully Remote,US,Large,150012
2021,Entry-Level,Full-Time,Data Engineer,80000,US,Fully Remote,US,Large,109346
2021,Executive,Full-Time,Director of Data Science,250000,US,On-Site,US,Large,263339
2021,Entry-Level,Full-Time,BI Data Analyst,55000,US,Hybrid,US,Small,62616
2021,Mid-Level,Full-Time,Data Architect,150000,US,Fully Remote,US,Large,147829
2021,Mid-Level,Full-Time,Data Architect,170000,US,Fully Remote,US,Large,147829
2021,Mid-Level,Full-Time,Data Engineer,82528,GB,Fully Remote,GB,Large,71922
2021,Entry-Level,Full-Time,Data Analyst,60000,US,Fully Remote,US,Small,63212
2021,Senior,Full-Time,Principal Data Scientist,235000,US,Fully Remote,US,Large,199460
2021,Senior,Full-Time,Research Scientist,60757,PT,Hybrid,PT,Large,90257
2021,Senior,Full-Time,Data Engineering Manager,174000,US,Fully Remote,US,Large,159920
2021,Mid-Level,Full-Time,Data Scientist,2859,MX,On-Site,MX,Small,30758
2021,Mid-Level,Full-Time,Data Scientist,40038,CL,Fully Remote,CL,Large,66601
2021,Entry-Level,Full-Time,Machine Learning Engineer,81000,US,Hybrid,US,Small,121157
2021,Mid-Level,Full-Time,Data Scientist,5679,IN,Fully Remote,US,Small,21052
2021,Mid-Level,Full-Time,Big Data Engineer,22611,IN,On-Site,IN,Large,21774
2021,Mid-Level,Full-Time,Data Scientist,90734,DE,Hybrid,DE,Large,72359
2021,Mid-Level,Full-Time,Data Engineer,26005,RO,On-Site,US,Large,37972
2021,Senior,Full-Time,Finance Data Analyst,61896,GB,Hybrid,GB,Large,94958
2021,Mid-Level,Freelance,Machine Learning Scientist,12000,PK,Hybrid,PK,Medium,38063
2021,Mid-Level,Full-Time,Data Engineer,4000,IR,Fully Remote,IR,Medium,37955
2021,Senior,Full-Time,Data Analytics Engineer,50000,VN,Fully Remote,GB,Medium,51008
2021,Executive,Full-Time,Data Science Consultant,69741,FR,Fully Remote,ES,Small,93257
2021,Senior,Full-Time,Data Engineer,76833,RO,Hybrid,GB,Small,50198
2021,Mid-Level,Full-Time,Machine Learning Engineer,74000,JP,Hybrid,JP,Small,58984
2021,Senior,Full-Time,Data Science Manager,152000,US,Fully Remote,FR,Large,159010
2021,Entry-Level,Full-Time,Machine Learning Engineer,21844,CO,Hybrid,CO,Medium,49178
2021,Mid-Level,Full-Time,Big Data Engineer,18000,MD,On-Site,MD,Small,18538
2021,Senior,Full-Time,Data Science Manager,174000,US,Fully Remote,US,Large,179380
2021,Senior,Full-Time,Research Scientist,96113,CA,Hybrid,CA,Large,111000
2021,Mid-Level,Full-Time,Data Scientist,147000,US,Hybrid,US,Large,133048
2021,Entry-Level,Full-Time,BI Data Analyst,9272,KE,Fully Remote,KE,Small,31496
2021,Senior,Full-Time,Machine Learning Engineer,24342,IN,Fully Remote,IN,Large,72058
2021,Senior,Full-Time,Data Science Manager,54094,IN,Hybrid,US,Large,81097
2021,Entry-Level,Full-Time,Data Science Consultant,90000,US,Fully Remote,US,Small,74204
2021,Mid-Level,Full-Time,Data Scientist,61467,DE,Hybrid,AT,Medium,63244
2021,Senior,Full-Time,Machine Learning Infrastructure Engineer,195000,US,Fully Remote,US,Medium,187424
2021,Mid-Level,Full-Time,Data Scientist,37825,ES,Fully Remote,ES,Large,49401
2021,Senior,Full-Time,Research Scientist,50000,FR,Fully Remote,US,Small,168304
2021,Mid-Level,Full-Time,Data Scientist,160000,US,Fully Remote,US,Large,138950
2021,Mid-Level,Full-Time,Data Scientist,12901,BR,On-Site,BR,Small,42546
2021,Senior,Full-Time,Machine Learning Engineer,200000,US,Fully Remote,US,Large,188238
2021,Senior,Full-Time,Data Engineer,165000,US,On-Site,US,Medium,149961
2021,Mid-Level,Freelance,Data Engineer,20000,IT,On-Site,US,Large,30493
2021,Senior,Full-Time,Data Analytics Manager,120000,US,On-Site,US,Large,137097
2021,Mid-Level,Full-Time,Machine Learning Engineer,24823,SI,Hybrid,SI,Large,39136
2021,Mid-Level,Full-Time,Research Scientist,56738,FR,Hybrid,FR,Small,67653
2021,Mid-Level,Full-Time,Data Engineer,66022,HK,Hybrid,GB,Small,33337
2021,Entry-Level,Full-Time,Big Data Engineer,5882,IN,On-Site,CH,Large,11346
2021,Entry-Level,Full-Time,Machine Learning Engineer,24823,DE,Hybrid,DE,Medium,70468
2021,Senior,Full-Time,Principal Data Engineer,185000,US,Fully Remote,US,Large,187297
2021,Entry-Level,Part-Time,Computer Vision Engineer,28609,DK,Hybrid,DK,Small,37889
2021,Mid-Level,Full-Time,Machine Learning Engineer,88654,BE,Fully Remote,BE,Medium,76930
2021,Senior,Full-Time,Data Analytics Manager,140000,US,Fully Remote,US,Large,148769
2021,Mid-Level,Full-Time,Machine Learning Engineer,46597,PL,Fully Remote,PL,Large,48304
2021,Mid-Level,Full-Time,Data Scientist,116914,GB,Hybrid,GB,Large,72447
2021,Mid-Level,Full-Time,Data Scientist,33808,IN,On-Site,IN,Medium,31548
2021,Mid-Level,Full-Time,Data Scientist,56256,GB,Hybrid,GB,Large,72447
2021,Senior,Full-Time,Machine Learning Scientist,225000,US,Fully Remote,CA,Large,196900
2021,Executive,Contract,Principal Data Scientist,416000,US,Fully Remote,US,Small,402590
2021,Senior,Full-Time,Data Scientist,87738,CA,Fully Remote,CA,Small,99730
2021,Mid-Level,Full-Time,Data Scientist,88654,DE,Hybrid,DE,Large,72359
2021,Senior,Full-Time,Data Scientist,135000,US,On-Site,US,Large,152275
2021,Senior,Full-Time,Data Analyst,71786,CA,Fully Remote,CA,Medium,84012
2021,Entry-Level,Full-Time,Big Data Engineer,16228,IN,Fully Remote,IN,Large,19671
2021,Senior,Full-Time,ML Engineer,256000,US,Fully Remote,US,Small,191017
2021,Senior,Full-Time,Director of Data Engineering,200000,US,Fully Remote,US,Large,195221
2021,Senior,Full-Time,Data Analyst,200000,US,Fully Remote,US,Large,123653
2021,Mid-Level,Full-Time,Data Architect,180000,US,Fully Remote,US,Large,147829
2021,Mid-Level,Full-Time,Head of Data Science,110000,US,On-Site,US,Small,119639
2021,Mid-Level,Full-Time,Research Scientist,63810,CA,Fully Remote,CA,Medium,107050
2021,Mid-Level,Full-Time,Data Scientist,46809,ES,Fully Remote,ES,Medium,49045
2021,Entry-Level,Full-Time,Data Scientist,4000,VN,On-Site,VN,Medium,6700
2021,Entry-Level,Full-Time,Data Engineer,21637,IN,Hybrid,IN,Medium,26664
2021,Senior,Full-Time,Data Scientist,103691,CA,Fully Remote,CA,Large,123435
2021,Mid-Level,Full-Time,Data Analyst,80000,US,Fully Remote,US,Large,100403
2021,Mid-Level,Full-Time,Data Engineer,110000,US,Fully Remote,US,Large,137018
2021,Senior,Full-Time,Data Scientist,165000,US,Fully Remote,US,Large,166981
2021,Entry-Level,Full-Time,AI Scientist,18053,IN,Fully Remote,AS,Small,18876
2021,Mid-Level,Full-Time,Data Engineer,72212,GB,Hybrid,GB,Large,68798
2021,Entry-Level,Full-Time,Data Scientist,36643,FR,Hybrid,FR,Large,45427
2021,Mid-Level,Full-Time,Data Engineer,12103,TR,On-Site,TR,Medium,20677
2021,Senior,Full-Time,Data Engineer,96282,GB,Hybrid,GB,Large,83146
2021,Senior,Full-Time,Principal Data Analyst,170000,US,Fully Remote,US,Medium,183112
2021,Mid-Level,Full-Time,Data Scientist,115000,US,Hybrid,US,Large,133048
2021,Entry-Level,Full-Time,Data Scientist,90000,US,Fully Remote,US,Small,96083
2021,Executive,Full-Time,Principal Data Engineer,600000,US,Fully Remote,US,Large,212406
2021,Entry-Level,Full-Time,Data Scientist,28399,IN,Fully Remote,IN,Medium,26715
2021,Mid-Level,Full-Time,Data Analyst,93000,US,Fully Remote,US,Large,100403
2021,Senior,Full-Time,Big Data Architect,99703,CA,Hybrid,CA,Medium,62364
2021,Senior,Full-Time,Principal Data Scientist,173762,DE,Fully Remote,DE,Medium,152019
2021,Senior,Full-Time,Machine Learning Engineer,185000,US,Hybrid,US,Large,174901
2021,Executive,Full-Time,Director of Data Science,141846,DE,On-Site,DE,Large,150827
2021,Mid-Level,Full-Time,Data Scientist,130000,US,Hybrid,US,Large,133048
2021,Senior,Full-Time,Data Analyst,63831,DE,Hybrid,DE,Large,64591
2021,Mid-Level,Full-Time,Data Scientist,16904,IN,Fully Remote,IN,Small,18818
2021,Senior,Full-Time,Machine Learning Engineer,66265,IN,On-Site,IN,Large,89063
2021,Mid-Level,Full-Time,Data Scientist,25532,RS,Fully Remote,DE,Small,30375
2021,Senior,Full-Time,Lead Data Engineer,160000,PR,Hybrid,US,Small,89941
2021,Mid-Level,Full-Time,Data Engineer,93150,US,On-Site,US,Medium,126651
2021,Mid-Level,Full-Time,Data Engineer,111775,US,On-Site,US,Medium,126651
2021,Mid-Level,Full-Time,Data Engineer,28016,TR,Fully Remote,TR,Medium,29171
2021,Entry-Level,Full-Time,Data Engineer,65013,DE,Hybrid,DE,Medium,69986
2021,Entry-Level,Full-Time,Data Engineer,72500,US,Fully Remote,US,Large,109346
2021,Senior,Full-Time,Computer Vision Engineer,18907,BR,On-Site,BR,Medium,25744
2021,Entry-Level,Full-Time,Data Science Consultant,76833,DE,On-Site,DE,Large,47126
2021,Entry-Level,Full-Time,Machine Learning Engineer,85000,NL,Fully Remote,DE,Small,55614
2021,Senior,Full-Time,Data Scientist,77684,FR,Hybrid,FR,Medium,73293
2021,Entry-Level,Full-Time,Data Scientist,100000,US,Fully Remote,US,Medium,110449
2021,Entry-Level,Full-Time,Data Scientist,58000,US,Hybrid,US,Large,107781
2021,Senior,Full-Time,AI Scientist,55000,ES,Fully Remote,ES,Large,62700
2021,Senior,Full-Time,Data Scientist,20171,TR,Hybrid,TR,Large,49837
2021,Entry-Level,Full-Time,Business Data Analyst,59102,LU,Fully Remote,LU,Large,31458
2021,Mid-Level,Full-Time,Data Engineer,112000,US,Fully Remote,US,Large,137018
2021,Entry-Level,Full-Time,Research Scientist,100000,JE,On-Site,CN,Large,75518
2021,Mid-Level,Part-Time,Data Engineer,69741,NL,Fully Remote,NL,Large,54098
2021,Senior,Contract,Staff Data Scientist,105000,US,Fully Remote,US,Medium,110358
2021,Mid-Level,Full-Time,Research Scientist,69999,CZ,Hybrid,CZ,Large,82940
2021,Senior,Full-Time,Data Science Manager,94665,IN,Hybrid,IN,Large,70587
2021,Senior,Full-Time,Head of Data,102839,SI,Fully Remote,SI,Large,114797
2021,Mid-Level,Full-Time,Data Scientist,109000,US,Hybrid,US,Large,133048
2021,Mid-Level,Full-Time,Machine Learning Engineer,51064,IT,Hybrid,IT,Large,45976
2022,Senior,Full-Time,Data Engineer,135000,US,Fully Remote,US,Medium,157016
2022,Senior,Full-Time,Data Analyst,155000,US,Fully Remote,US,Medium,118871
2022,Senior,Full-Time,Data Analyst,120600,US,Fully Remote,US,Medium,118871
2022,Mid-Level,Full-Time,Data Scientist,130000,US,On-Site,US,Medium,133730
2022,Mid-Level,Full-Time,Data Scientist,90000,US,On-Site,US,Medium,133730
2022,Mid-Level,Full-Time,Data Engineer,170000,US,Fully Remote,US,Medium,138127
2022,Mid-Level,Full-Time,Data Engineer,150000,US,Fully Remote,US,Medium,138127
2022,Senior,Full-Time,Data Analyst,102100,US,Fully Remote,US,Medium,118871
2022,Senior,Full-Time,Data Analyst,84900,US,Fully Remote,US,Medium,118871
2022,Senior,Full-Time,Data Scientist,136620,US,Fully Remote,US,Medium,163950
2022,Senior,Full-Time,Data Scientist,99360,US,Fully Remote,US,Medium,163950
2022,Senior,Full-Time,Data Scientist,117789,GB,On-Site,GB,Medium,101494
2022,Senior,Full-Time,Data Scientist,104702,GB,On-Site,GB,Medium,101494
2022,Senior,Full-Time,Data Scientist,146000,US,Fully Remote,US,Medium,163950
2022,Senior,Full-Time,Data Scientist,123000,US,Fully Remote,US,Medium,163950
2022,Entry-Level,Full-Time,Data Engineer,52351,GB,Fully Remote,GB,Medium,61710
2022,Senior,Full-Time,Data Analyst,99000,US,On-Site,US,Medium,118314
2022,Senior,Full-Time,Data Analyst,116000,US,On-Site,US,Medium,118314
2022,Mid-Level,Full-Time,Data Analyst,106260,US,On-Site,US,Medium,99720
2022,Mid-Level,Full-Time,Data Analyst,126500,US,On-Site,US,Medium,99720
2022,Executive,Full-Time,Data Engineer,242000,US,Fully Remote,US,Medium,197612
2022,Executive,Full-Time,Data Engineer,200000,US,Fully Remote,US,Medium,197612
2022,Mid-Level,Full-Time,Data Scientist,65438,GB,On-Site,GB,Medium,84763
2022,Mid-Level,Full-Time,Data Scientist,39263,GB,On-Site,GB,Medium,84763
2022,Mid-Level,Full-Time,Data Engineer,78526,GB,On-Site,GB,Medium,82552
2022,Mid-Level,Full-Time,Data Engineer,52351,GB,On-Site,GB,Medium,82552
2022,Senior,Full-Time,Data Scientist,165220,US,Fully Remote,US,Medium,163950
2022,Entry-Level,Full-Time,Data Engineer,45807,GB,Fully Remote,GB,Medium,61710
2022,Senior,Full-Time,Data Scientist,120160,US,Fully Remote,US,Medium,163950
2022,Senior,Full-Time,Data Analyst,90320,US,Fully Remote,US,Medium,118871
2022,Senior,Full-Time,Data Engineer,181940,US,On-Site,US,Medium,153391
2022,Senior,Full-Time,Data Engineer,132320,US,On-Site,US,Medium,153391
2022,Senior,Full-Time,Data Engineer,220110,US,On-Site,US,Medium,153391
2022,Senior,Full-Time,Data Engineer,160080,US,On-Site,US,Medium,153391
2022,Senior,Full-Time,Data Scientist,180000,US,On-Site,US,Large,153009
2022,Senior,Full-Time,Data Scientist,120000,US,On-Site,US,Large,153009
2022,Senior,Full-Time,Data Analyst,124190,US,Fully Remote,US,Medium,118871
2022,Executive,Full-Time,Data Analyst,130000,US,Fully Remote,US,Medium,135820
2022,Executive,Full-Time,Data Analyst,110000,US,Fully Remote,US,Medium,135820
2022,Senior,Full-Time,Data Analyst,170000,US,Fully Remote,US,Medium,118871
2022,Mid-Level,Full-Time,Data Analyst,115500,US,Fully Remote,US,Medium,99636
2022,Senior,Full-Time,Data Analyst,112900,US,Fully Remote,US,Medium,118871
2022,Senior,Full-Time,Data Engineer,165400,US,Fully Remote,US,Medium,157016
2022,Senior,Full-Time,Data Engineer,132320,US,Fully Remote,US,Medium,157016
2022,Mid-Level,Full-Time,Data Analyst,167000,US,Fully Remote,US,Medium,99636
2022,Senior,Full-Time,Data Engineer,243900,US,Fully Remote,US,Medium,157016
2022,Senior,Full-Time,Data Analyst,136600,US,Fully Remote,US,Medium,118871
2022,Senior,Full-Time,Data Analyst,109280,US,Fully Remote,US,Medium,118871
2022,Senior,Full-Time,Data Engineer,128875,US,Fully Remote,US,Medium,157016
2022,Senior,Full-Time,Data Engineer,93700,US,Fully Remote,US,Medium,157016
2022,Executive,Full-Time,Head of Data Science,224000,US,Fully Remote,US,Medium,217666
2022,Executive,Full-Time,Head of Data Science,167875,US,Fully Remote,US,Medium,217666
2022,Executive,Full-Time,Analytics Engineer,175000,US,Fully Remote,US,Medium,170536
2022,Senior,Full-Time,Data Engineer,156600,US,Fully Remote,US,Medium,157016
2022,Senior,Full-Time,Data Engineer,108800,US,On-Site,US,Medium,153391
2022,Senior,Full-Time,Data Scientist,95550,US,On-Site,US,Medium,152924
2022,Senior,Full-Time,Data Engineer,113000,US,On-Site,US,Large,153476
2022,Senior,Full-Time,Data Analyst,135000,US,Fully Remote,US,Medium,118871
2022,Senior,Full-Time,Data Science Manager,161342,US,Fully Remote,US,Medium,176349
2022,Senior,Full-Time,Data Science Manager,137141,US,Fully Remote,US,Medium,176349
2022,Senior,Full-Time,Data Scientist,167000,US,Fully Remote,US,Medium,163950
2022,Senior,Full-Time,Data Engineer,78526,GB,On-Site,GB,Medium,94802
2022,Senior,Full-Time,Data Engineer,65438,GB,On-Site,GB,Medium,94802
2022,Senior,Full-Time,Data Scientist,150000,US,On-Site,US,Medium,152924
2022,Senior,Full-Time,Data Scientist,211500,US,Fully Remote,US,Medium,163950
2022,Senior,Full-Time,Data Architect,192400,CA,Fully Remote,CA,Medium,129595
2022,Senior,Full-Time,Data Architect,90700,CA,Fully Remote,CA,Medium,129595
2022,Senior,Full-Time,Data Analyst,130000,CA,Fully Remote,CA,Medium,89994
2022,Senior,Full-Time,Data Analyst,61300,CA,Fully Remote,CA,Medium,89994
2022,Senior,Full-Time,Data Engineer,160000,US,On-Site,US,Large,153476
2022,Senior,Full-Time,Data Scientist,138600,US,Fully Remote,US,Medium,163950
2022,Senior,Full-Time,Data Engineer,136000,US,On-Site,US,Medium,153391
2022,Mid-Level,Full-Time,Data Analyst,58000,US,On-Site,US,Small,72606
2022,Executive,Full-Time,Analytics Engineer,135000,US,Fully Remote,US,Medium,170536
2022,Senior,Full-Time,Data Scientist,170000,US,Fully Remote,US,Medium,163950
2022,Senior,Full-Time,Machine Learning Engineer,189650,US,On-Site,US,Medium,176778
2022,Senior,Full-Time,Machine Learning Engineer,164996,US,On-Site,US,Medium,176778
2022,Mid-Level,Full-Time,ETL Developer,54957,GR,On-Site,GR,Medium,50728
2022,Executive,Full-Time,Lead Data Engineer,118187,CA,Fully Remote,CA,Small,132216
2022,Senior,Full-Time,Data Analyst,132000,US,On-Site,US,Medium,118314
2022,Senior,Full-Time,Data Architect,208775,US,Fully Remote,US,Medium,172398
2022,Senior,Full-Time,Data Architect,147800,US,Fully Remote,US,Medium,172398
2022,Senior,Full-Time,Data Engineer,136994,US,Fully Remote,US,Medium,157016
2022,Senior,Full-Time,Data Engineer,101570,US,Fully Remote,US,Medium,157016
2022,Senior,Full-Time,Data Analyst,128875,US,Fully Remote,US,Medium,118871
2022,Senior,Full-Time,Data Analyst,93700,US,Fully Remote,US,Medium,118871
2022,Executive,Full-Time,Head of Machine Learning,79039,IN,Hybrid,IN,Large,74485
2022,Entry-Level,Full-Time,Machine Learning Engineer,37300,GB,Fully Remote,GB,Large,56950
2022,Senior,Full-Time,Data Analyst,164000,US,On-Site,US,Medium,118314
2022,Senior,Full-Time,Data Engineer,155000,US,Fully Remote,US,Medium,157016
2022,Mid-Level,Full-Time,Machine Learning Engineer,124333,GB,On-Site,GB,Medium,99485
2022,Mid-Level,Full-Time,Machine Learning Engineer,98158,GB,On-Site,GB,Medium,99485
2022,Mid-Level,Full-Time,AI Scientist,120000,US,On-Site,US,Medium,131585
2022,Senior,Full-Time,Data Analytics Manager,145000,US,Fully Remote,US,Medium,146415
2022,Senior,Full-Time,Data Analytics Manager,105400,US,Fully Remote,US,Medium,146415
2022,Mid-Level,Full-Time,Machine Learning Engineer,87932,FR,Fully Remote,DE,Medium,78453
2022,Mid-Level,Full-Time,Data Engineer,117789,GB,On-Site,GB,Medium,82552
2022,Senior,Full-Time,Data Scientist,215300,US,Fully Remote,US,Large,166610
2022,Senior,Full-Time,Data Scientist,158200,US,Fully Remote,US,Large,166610
2022,Senior,Full-Time,Data Engineer,209100,US,Fully Remote,US,Large,159676
2022,Senior,Full-Time,Data Engineer,154600,US,Fully Remote,US,Large,159676
2022,Senior,Full-Time,Data Analyst,115934,US,On-Site,US,Medium,118314
2022,Senior,Full-Time,Data Analyst,81666,US,On-Site,US,Medium,118314
2022,Senior,Full-Time,Data Engineer,175000,US,Fully Remote,US,Medium,157016
2022,Mid-Level,Full-Time,Data Engineer,98158,GB,On-Site,GB,Medium,82552
2022,Senior,Full-Time,Data Engineer,183600,US,Fully Remote,US,Large,159676
2022,Mid-Level,Full-Time,Data Analyst,52351,GB,Fully Remote,GB,Medium,59296
2022,Senior,Full-Time,Data Scientist,180000,US,Fully Remote,US,Medium,163950
2022,Mid-Level,Full-Time,Data Scientist,71982,GB,On-Site,GB,Medium,84763
2022,Mid-Level,Full-Time,Data Scientist,45807,GB,On-Site,GB,Medium,84763
2022,Mid-Level,Full-Time,Data Engineer,65949,GR,Fully Remote,GR,Medium,62052
2022,Mid-Level,Full-Time,Data Engineer,49461,GR,Fully Remote,GR,Medium,62052
2022,Mid-Level,Full-Time,Data Engineer,78526,GB,Fully Remote,GB,Medium,80278
2022,Mid-Level,Full-Time,Data Engineer,58894,GB,Fully Remote,GB,Medium,80278
2022,Senior,Full-Time,Data Scientist,260000,US,Fully Remote,US,Medium,163950
2022,Senior,Full-Time,Data Science Engineer,60000,AR,Fully Remote,MX,Large,86228
2022,Mid-Level,Full-Time,Data Engineer,63900,US,On-Site,US,Medium,135676
2022,Mid-Level,Full-Time,Machine Learning Scientist,160000,US,Fully Remote,US,Large,151436
2022,Mid-Level,Full-Time,Machine Learning Scientist,112300,US,Fully Remote,US,Large,151436
2022,Mid-Level,Full-Time,Data Science Manager,241000,US,Fully Remote,US,Medium,154489
2022,Mid-Level,Full-Time,Data Science Manager,159000,US,Fully Remote,US,Medium,154489
2022,Senior,Full-Time,Data Scientist,180000,US,On-Site,US,Medium,152924
2022,Senior,Full-Time,Data Scientist,80000,US,On-Site,US,Medium,152924
2022,Mid-Level,Full-Time,Data Engineer,82900,US,On-Site,US,Medium,135676
2022,Senior,Full-Time,Data Engineer,100800,US,Fully Remote,US,Large,159676
2022,Mid-Level,Full-Time,Data Engineer,49461,ES,Fully Remote,ES,Medium,59736
2022,Senior,Full-Time,Data Scientist,140400,US,On-Site,US,Large,153009
2022,Mid-Level,Full-Time,Data Analyst,39263,GB,Fully Remote,GB,Medium,59296
2022,Mid-Level,Full-Time,Data Analyst,43966,ES,Fully Remote,ES,Medium,38753
2022,Mid-Level,Full-Time,Data Analyst,32974,ES,Fully Remote,ES,Medium,38753
2022,Mid-Level,Full-Time,Data Engineer,87932,ES,Fully Remote,ES,Medium,59736
2022,Mid-Level,Full-Time,Data Engineer,76940,ES,Fully Remote,ES,Medium,59736
2022,Mid-Level,Full-Time,Data Engineer,104702,GB,Fully Remote,GB,Medium,80278
2022,Mid-Level,Full-Time,Data Engineer,91614,GB,Fully Remote,GB,Medium,80278
2022,Mid-Level,Full-Time,Data Engineer,65949,ES,Fully Remote,ES,Medium,59736
2022,Mid-Level,Full-Time,Data Engineer,87932,GR,Fully Remote,GR,Medium,62052
2022,Mid-Level,Full-Time,Data Analyst,43966,GR,Fully Remote,GR,Medium,41069
2022,Mid-Level,Full-Time,Data Analyst,32974,GR,Fully Remote,GR,Medium,41069
2022,Mid-Level,Full-Time,Data Engineer,98158,GB,Fully Remote,GB,Medium,80278
2022,Senior,Full-Time,Data Scientist,215300,US,On-Site,US,Large,153009
2022,Mid-Level,Full-Time,Data Engineer,76940,GR,Fully Remote,GR,Medium,62052
2022,Senior,Full-Time,Data Engineer,180000,US,Fully Remote,US,Medium,157016
2022,Entry-Level,Full-Time,ML Engineer,21983,PT,Fully Remote,PT,Large,51402
2022,Senior,Full-Time,Data Engineer,80000,US,Fully Remote,US,Medium,157016
2022,Mid-Level,Full-Time,Machine Learning Developer,78791,CA,Fully Remote,CA,Medium,99076
2022,Executive,Full-Time,Director of Data Science,196979,CA,Hybrid,CA,Large,172783
2022,Mid-Level,Full-Time,Machine Learning Engineer,120000,US,Fully Remote,US,Small,138091
2022,Entry-Level,Full-Time,Computer Vision Engineer,125000,US,On-Site,US,Medium,112182
2022,Mid-Level,Full-Time,NLP Engineer,37236,US,Hybrid,US,Large,105655
2022,Senior,Full-Time,Data Engineer,105000,US,Fully Remote,US,Medium,157016
2022,Senior,Full-Time,Lead Machine Learning Engineer,87932,DE,On-Site,DE,Medium,119756
2022,Mid-Level,Full-Time,Business Data Analyst,18442,IN,Fully Remote,IN,Medium,28496
2022,Mid-Level,Full-Time,Data Scientist,31615,IN,Fully Remote,IN,Large,45161
2022,Mid-Level,Full-Time,Machine Learning Infrastructure Engineer,58255,PT,Hybrid,PT,Large,45606
2022,Entry-Level,Full-Time,Financial Data Analyst,100000,US,Hybrid,US,Large,149395
2022,Mid-Level,Part-Time,Data Engineer,54957,DE,Hybrid,DE,Large,92887
2022,Entry-Level,Full-Time,Data Scientist,18442,IN,Fully Remote,IN,Medium,35678
2022,Senior,Full-Time,Principal Data Scientist,162674,DE,Fully Remote,DE,Medium,150283
2022,Entry-Level,Full-Time,Data Engineer,120000,US,Fully Remote,US,Medium,107495
2022,Senior,Full-Time,Research Scientist,144000,US,Hybrid,US,Large,161194
2022,Senior,Full-Time,Data Scientist,104890,US,Fully Remote,US,Medium,163950
2022,Senior,Full-Time,Data Engineer,100000,US,Fully Remote,US,Medium,157016
2022,Senior,Full-Time,Data Scientist,140000,US,Fully Remote,US,Medium,163950
2022,Mid-Level,Full-Time,Data Analyst,135000,US,Fully Remote,US,Medium,99636
2022,Mid-Level,Full-Time,Data Analyst,50000,US,Fully Remote,US,Medium,99636
2022,Senior,Full-Time,Data Scientist,220000,US,Fully Remote,US,Medium,163950
2022,Mid-Level,Full-Time,Data Scientist,183228,GB,On-Site,GB,Medium,84763
2022,Mid-Level,Full-Time,Data Scientist,91614,GB,On-Site,GB,Medium,84763
2022,Senior,Full-Time,Data Scientist,185100,US,Fully Remote,US,Medium,163950
2022,Senior,Full-Time,Machine Learning Engineer,220000,US,Fully Remote,US,Medium,178756
2022,Mid-Level,Full-Time,Data Scientist,200000,US,Fully Remote,US,Medium,139932
2022,Mid-Level,Full-Time,Data Scientist,120000,US,Fully Remote,US,Medium,139932
2022,Senior,Full-Time,Machine Learning Engineer,120000,AE,Fully Remote,AE,Small,89326
2022,Senior,Full-Time,Machine Learning Engineer,65000,AE,Fully Remote,AE,Small,89326
2022,Executive,Full-Time,Data Engineer,324000,US,Fully Remote,US,Medium,197612
2022,Executive,Full-Time,Data Engineer,216000,US,Fully Remote,US,Medium,197612
2022,Senior,Full-Time,Data Engineer,210000,US,Fully Remote,US,Medium,157016
2022,Senior,Full-Time,Machine Learning Engineer,120000,US,Fully Remote,US,Medium,178756
2022,Senior,Full-Time,Data Scientist,230000,US,Fully Remote,US,Medium,163950
2022,Entry-Level,Part-Time,Data Scientist,100000,DZ,Hybrid,DZ,Medium,64463
2022,Mid-Level,Freelance,Data Scientist,100000,CA,Fully Remote,US,Medium,97942
2022,Entry-Level,Contract,Applied Machine Learning Scientist,31875,TN,Fully Remote,CZ,Medium,55290
2022,Senior,Full-Time,Head of Data,200000,MY,Fully Remote,US,Medium,124906
2022,Mid-Level,Full-Time,Principal Data Analyst,75000,CA,Fully Remote,CA,Small,79245
2022,Mid-Level,Full-Time,Data Scientist,35590,PL,Fully Remote,PL,Large,54784
2022,Senior,Full-Time,Machine Learning Developer,78791,CA,Fully Remote,CA,Medium,126928
2022,Senior,Full-Time,Data Scientist,100000,BR,Fully Remote,US,Medium,103752
2022,Mid-Level,Full-Time,Machine Learning Scientist,153000,US,Hybrid,US,Medium,149259
2022,Entry-Level,Full-Time,Data Engineer,58035,PK,Fully Remote,DE,Medium,49274
2022,Senior,Full-Time,Data Scientist,165000,US,Fully Remote,US,Medium,163950
2022,Senior,Full-Time,Research Scientist,93427,FR,Hybrid,FR,Large,104346
2022,Entry-Level,Full-Time,Data Scientist,52396,CA,Fully Remote,CA,Large,90279
2022,Senior,Full-Time,Machine Learning Engineer,62651,NL,Fully Remote,NL,Large,92404
2022,Mid-Level,Full-Time,Head of Data,32974,EE,Fully Remote,EE,Small,50570
2022,Entry-Level,Full-Time,Data Scientist,40000,JP,Fully Remote,MY,Large,43712
2022,Mid-Level,Full-Time,Machine Learning Engineer,87425,AU,Fully Remote,AU,Large,89770
2022,Senior,Full-Time,Data Engineer,115000,US,Fully Remote,US,Medium,157016
2022,Entry-Level,Full-Time,Data Scientist,86703,AU,Hybrid,AU,Medium,84126
2022,Mid-Level,Full-Time,Applied Machine Learning Scientist,75000,BO,Fully Remote,US,Large,84054
2022,Mid-Level,Full-Time,Research Scientist,64849,AT,On-Site,AT,Large,125995
2022,Entry-Level,Full-Time,Research Scientist,120000,US,Fully Remote,US,Large,136558
2022,Mid-Level,Full-Time,Applied Data Scientist,157000,US,Fully Remote,US,Large,193242
2022,Entry-Level,Full-Time,Computer Vision Software Engineer,150000,AU,Fully Remote,AU,Small,135799
2022,Mid-Level,Full-Time,Business Data Analyst,70912,CA,Hybrid,CA,Large,63284
2022,Entry-Level,Full-Time,Data Engineer,65000,US,Fully Remote,US,Small,90140
2022,Senior,Full-Time,Machine Learning Engineer,71444,IE,Fully Remote,IE,Small,79740
2022,Entry-Level,Full-Time,Data Analytics Engineer,20000,PK,On-Site,PK,Medium,34209
2022,Mid-Level,Full-Time,Data Scientist,48000,RU,Fully Remote,US,Small,41563
2022,Senior,Full-Time,Data Science Manager,152500,US,Fully Remote,US,Medium,176349
2022,Mid-Level,Full-Time,Data Engineer,68147,FR,Fully Remote,FR,Medium,74068
2022,Mid-Level,Full-Time,Data Scientist,122346,CH,On-Site,CH,Large,68486
2022,Senior,Full-Time,Applied Data Scientist,380000,US,Fully Remote,US,Large,233147
2022,Mid-Level,Full-Time,Data Scientist,69336,CA,Fully Remote,CA,Medium,103498
2022,Entry-Level,Full-Time,Computer Vision Engineer,10000,PT,Fully Remote,LU,Medium,44299
2022,Mid-Level,Full-Time,Data Analyst,20000,GR,Fully Remote,GR,Small,30214
2022,Senior,Full-Time,Data Analytics Lead,405000,US,Fully Remote,US,Large,311095
2022,Mid-Level,Full-Time,Data Scientist,135000,US,Fully Remote,US,Large,140806
2022,Senior,Full-Time,Applied Data Scientist,177000,US,Fully Remote,US,Large,233147
2022,Mid-Level,Full-Time,Data Scientist,78000,US,Fully Remote,US,Medium,139932
2022,Senior,Full-Time,Data Analyst,100000,US,Fully Remote,US,Medium,118871
2022,Mid-Level,Full-Time,Data Analyst,85000,CA,On-Site,CA,Medium,68918
2022,Mid-Level,Full-Time,Data Analyst,75000,CA,On-Site,CA,Medium,68918
2022,Senior,Full-Time,Machine Learning Engineer,214000,US,Fully Remote,US,Medium,178756
2022,Senior,Full-Time,Machine Learning Engineer,192600,US,Fully Remote,US,Medium,178756
2022,Senior,Full-Time,Data Architect,266400,US,Fully Remote,US,Medium,172398
2022,Senior,Full-Time,Data Architect,213120,US,Fully Remote,US,Medium,172398
2022,Mid-Level,Full-Time,Data Scientist,141300,US,On-Site,US,Medium,133730
2022,Mid-Level,Full-Time,Data Scientist,102100,US,On-Site,US,Medium,133730
2022,Senior,Full-Time,Data Analyst,115934,US,Fully Remote,US,Medium,118871
2022,Senior,Full-Time,Data Analyst,81666,US,Fully Remote,US,Medium,118871
2022,Mid-Level,Full-Time,Data Engineer,206699,US,On-Site,US,Medium,135676
2022,Mid-Level,Full-Time,Data Engineer,99100,US,On-Site,US,Medium,135676
2022,Senior,Full-Time,Data Engineer,130000,US,Fully Remote,US,Medium,157016
2022,Senior,Full-Time,Data Engineer,110500,US,Fully Remote,US,Medium,157016
2022,Senior,Full-Time,Data Analyst,99050,US,Fully Remote,US,Medium,118871
2022,Senior,Full-Time,Data Engineer,160000,US,Fully Remote,US,Medium,157016
2022,Senior,Full-Time,Data Scientist,205300,US,On-Site,US,Large,153009
2022,Senior,Full-Time,Data Scientist,176000,US,Fully Remote,US,Medium,163950
2022,Senior,Full-Time,Data Scientist,144000,US,Fully Remote,US,Medium,163950
2022,Senior,Full-Time,Data Engineer,200100,US,Fully Remote,US,Medium,157016
2022,Senior,Full-Time,Data Engineer,145000,US,Fully Remote,US,Medium,157016
2022,Senior,Full-Time,Data Engineer,70500,US,On-Site,US,Medium,153391
2022,Senior,Full-Time,Data Scientist,205300,US,On-Site,US,Medium,152924
2022,Senior,Full-Time,Data Scientist,140400,US,On-Site,US,Medium,152924
2022,Senior,Full-Time,Analytics Engineer,205300,US,On-Site,US,Medium,161330
2022,Senior,Full-Time,Analytics Engineer,184700,US,On-Site,US,Medium,161330
2022,Senior,Full-Time,Data Engineer,175100,US,Fully Remote,US,Medium,157016
2022,Senior,Full-Time,Data Engineer,140250,US,Fully Remote,US,Medium,157016
2022,Senior,Full-Time,Data Analyst,116150,US,Fully Remote,US,Medium,118871
2022,Senior,Full-Time,Data Engineer,54000,US,On-Site,US,Medium,153391
2022,Mid-Level,Full-Time,Data Analyst,65438,GB,On-Site,GB,Medium,63844
2022,Senior,Full-Time,Data Analyst,80000,US,Fully Remote,US,Medium,118871
2022,Senior,Full-Time,Data Scientist,210000,US,Fully Remote,US,Medium,163950
2022,Senior,Full-Time,Data Analyst,69000,US,Fully Remote,US,Medium,118871
2022,Senior,Full-Time,Data Analyst,150075,US,Fully Remote,US,Medium,118871
2022,Senior,Full-Time,Data Engineer,25000,US,Fully Remote,US,Medium,157016
2022,Senior,Full-Time,Data Analyst,126500,US,Fully Remote,US,Medium,118871
2022,Senior,Full-Time,Data Analyst,106260,US,Fully Remote,US,Medium,118871
2022,Senior,Full-Time,Data Engineer,220110,US,Fully Remote,US,Medium,157016
2022,Senior,Full-Time,Data Engineer,160080,US,Fully Remote,US,Medium,157016
2022,Senior,Full-Time,Data Analyst,105000,US,Fully Remote,US,Medium,118871
2022,Senior,Full-Time,Data Analyst,110925,US,Fully Remote,US,Medium,118871
2022,Mid-Level,Full-Time,Data Analyst,45807,GB,On-Site,GB,Medium,63844
2022,Senior,Full-Time,Data Analyst,60000,US,Fully Remote,US,Medium,118871
2022,Senior,Full-Time,Data Architect,192564,US,Fully Remote,US,Medium,172398
2022,Senior,Full-Time,Data Architect,144854,US,Fully Remote,US,Medium,172398
2022,Senior,Full-Time,Data Scientist,150000,US,Fully Remote,US,Medium,163950
2022,Senior,Full-Time,Data Analytics Manager,150260,US,Fully Remote,US,Medium,146415
2022,Senior,Full-Time,Data Analytics Manager,109280,US,Fully Remote,US,Medium,146415
2022,Mid-Level,Full-Time,Data Scientist,160000,US,Fully Remote,US,Medium,139932
2022,Mid-Level,Full-Time,Data Scientist,130000,US,Fully Remote,US,Medium,139932
2022,Entry-Level,Full-Time,Data Analyst,67000,CA,On-Site,CA,Medium,60663
2022,Entry-Level,Full-Time,Data Analyst,52000,CA,On-Site,CA,Medium,60663
2022,Senior,Full-Time,Data Engineer,154000,US,Fully Remote,US,Medium,157016
2022,Senior,Full-Time,Data Engineer,126000,US,Fully Remote,US,Medium,157016
2022,Senior,Full-Time,Data Analyst,129000,US,On-Site,US,Medium,118314
2022,Senior,Full-Time,Data Analyst,150000,US,Fully Remote,US,Medium,118871
2022,Mid-Level,Full-Time,AI Scientist,200000,IN,Fully Remote,US,Large,61548
2023,Mid-Level,Full-Time,Data Analyst,165000,AU,On-Site,AU,Medium,158748
2023,Mid-Level,Full-Time,Data Analyst,70000,US,Fully Remote,US,Medium,100557
2024,Mid-Level,Full-Time,Machine Learning Engineer,94444,IE,Fully Remote,IE,Medium,77224
2024,Senior,Full-Time,Data Scientist,92700,US,On-Site,US,Medium,171625
2023,Mid-Level,Full-Time,Research Engineer,150000,US,On-Site,US,Medium,172908
2024,Mid-Level,Full-Time,Research Engineer,28888,PT,On-Site,PT,Medium,62119
2023,Executive,Full-Time,Machine Learning Engineer,145000,US,Fully Remote,US,Medium,213805
2022,Senior,Full-Time,Data Scientist,130000,US,Fully Remote,US,Medium,163950
2023,Senior,Full-Time,Data Scientist,159832,US,On-Site,US,Medium,173369
2024,Senior,Full-Time,Data Engineer,160000,US,On-Site,US,Medium,162159
2023,Senior,Full-Time,Machine Learning Engineer,198200,US,Fully Remote,US,Medium,188539
2023,Senior,Full-Time,Data Analyst,85000,US,On-Site,US,Medium,128320
2023,Senior,Full-Time,Machine Learning Engineer,198094,GB,On-Site,GB,Medium,169452
2023,Entry-Level,Full-Time,Data Engineer,65000,US,On-Site,US,Medium,111560
2023,Senior,Full-Time,Data Scientist,160000,US,On-Site,US,Medium,173369
2023,Senior,Full-Time,Data Scientist,202600,US,Fully Remote,US,Medium,174953
2024,Mid-Level,Full-Time,Data Engineer,140000,US,On-Site,US,Medium,137171
2023,Senior,Full-Time,Machine Learning Infrastructure Engineer,220000,US,Fully Remote,US,Medium,186849
2023,Mid-Level,Full-Time,Data Scientist,144000,US,Fully Remote,US,Medium,141014
2023,Senior,Full-Time,Analytics Engineer,147500,US,On-Site,US,Medium,176399
2022,Entry-Level,Full-Time,AI Research Engineer,36940,GB,Fully Remote,GB,Large,36931
2024,Mid-Level,Full-Time,Machine Learning Engineer,174000,US,Fully Remote,US,Medium,159909
2024,Mid-Level,Full-Time,Data Scientist,70000,US,On-Site,US,Medium,135556
2023,Senior,Full-Time,Data Scientist,225000,US,On-Site,US,Medium,173369
2023,Senior,Full-Time,Research Scientist,147100,US,On-Site,US,Medium,207266
2023,Senior,Full-Time,Analytics Engineer,275300,US,Fully Remote,US,Medium,165674
2023,Senior,Full-Time,BI Analyst,110000,US,On-Site,US,Medium,129636
2024,Senior,Full-Time,Data Engineer,123700,US,On-Site,US,Large,160356
2023,Mid-Level,Full-Time,Data Analyst,59382,DE,Hybrid,DE,Large,65890
2023,Senior,Full-Time,Data Scientist,158677,US,Fully Remote,US,Medium,174953
2023,Senior,Full-Time,ML Engineer,151600,US,On-Site,US,Medium,206066
2024,Entry-Level,Full-Time,Business Intelligence Analyst,53000,US,On-Site,US,Medium,101659
2023,Senior,Full-Time,AI Engineer,170200,US,On-Site,US,Medium,176286
2022,Senior,Full-Time,Data Analyst,36773,ES,On-Site,ES,Medium,43711
2023,Mid-Level,Full-Time,Research Scientist,212800,US,On-Site,US,Large,179254
2023,Senior,Full-Time,Data Analyst,136000,US,Fully Remote,US,Medium,122680
2023,Senior,Full-Time,Data Engineer,116455,US,On-Site,US,Medium,163312
2024,Senior,Full-Time,Data Scientist,199700,US,On-Site,US,Medium,171625
2023,Mid-Level,Full-Time,Data Analyst,105000,US,On-Site,US,Medium,106011
2023,Mid-Level,Full-Time,Data Engineer,140000,US,Fully Remote,US,Medium,137804
2024,Entry-Level,Full-Time,Research Analyst,300000,US,On-Site,US,Medium,130194
2023,Senior,Full-Time,Data Scientist,156400,US,Fully Remote,US,Medium,174953
2023,Mid-Level,Full-Time,Machine Learning Engineer,300000,US,On-Site,US,Medium,167075
2023,Mid-Level,Full-Time,Data Scientist,220000,US,On-Site,US,Medium,140360
2024,Mid-Level,Full-Time,Data Engineer,113000,US,On-Site,US,Medium,137171
2024,Senior,Full-Time,Data Analyst,165000,US,Fully Remote,US,Medium,129854
2023,Senior,Full-Time,Data Scientist,143100,CA,On-Site,CA,Medium,154796
2023,Senior,Full-Time,Data Engineer,120000,US,On-Site,US,Medium,163312
2024,Mid-Level,Full-Time,Data Scientist,160000,US,On-Site,US,Medium,135556
2024,Mid-Level,Full-Time,Data Engineer,97000,US,On-Site,US,Medium,137171
2022,Senior,Full-Time,Data Scientist,204100,US,On-Site,US,Medium,152924
2022,Senior,Full-Time,Data Analyst,110600,US,On-Site,US,Medium,118314
2023,Senior,Full-Time,Data Analyst,120000,US,Fully Remote,US,Medium,122680
2020,Executive,Full-Time,Staff Data Analyst,15000,NG,On-Site,CA,Medium,113781
2023,Senior,Full-Time,Data Infrastructure Engineer,185000,US,On-Site,US,Medium,177733
2024,Senior,Full-Time,Data Scientist,170000,US,On-Site,US,Medium,171625
2024,Senior,Full-Time,Machine Learning Engineer,229900,US,On-Site,US,Medium,204712
2024,Senior,Full-Time,Data Operations Specialist,206500,US,On-Site,US,Medium,127056
2023,Senior,Full-Time,Machine Learning Scientist,145000,US,Fully Remote,US,Medium,185503
2022,Senior,Full-Time,Data Scientist,191475,US,Fully Remote,US,Medium,163950
2023,Senior,Full-Time,Data Scientist,48585,ES,On-Site,ES,Medium,89159
2023,Senior,Full-Time,Research Engineer,190400,US,On-Site,US,Medium,207266
2023,Senior,Full-Time,Data Analyst,79000,US,On-Site,US,Medium,128320
2023,Senior,Full-Time,Research Engineer,203000,US,On-Site,US,Medium,207266
2023,Senior,Full-Time,Research Analyst,83000,US,Fully Remote,US,Medium,123041
2022,Senior,Full-Time,Data Scientist,134000,US,Fully Remote,US,Medium,163950
2024,Senior,Full-Time,Applied Scientist,136000,US,On-Site,US,Large,216702
2023,Mid-Level,Full-Time,Data Engineer,72000,US,On-Site,US,Medium,141383
2023,Senior,Full-Time,Data Scientist,176000,US,On-Site,US,Medium,173369
2024,Senior,Full-Time,Data Scientist,115800,US,On-Site,US,Medium,171625
2023,Senior,Full-Time,Machine Learning Engineer,140100,US,On-Site,US,Medium,201918
2024,Senior,Full-Time,Data Analyst,133650,US,Fully Remote,US,Medium,129854
2024,Senior,Full-Time,Data Engineer,94500,US,On-Site,US,Medium,162159
2024,Senior,Full-Time,Research Engineer,176700,US,Fully Remote,US,Medium,184806
2023,Entry-Level,Full-Time,BI Developer,85600,US,On-Site,US,Medium,89070
2023,Senior,Full-Time,AI Engineer,176000,US,On-Site,US,Medium,176286
2023,Senior,Full-Time,Data Analyst,119610,US,On-Site,US,Medium,128320
2023,Senior,Full-Time,Machine Learning Engineer,264400,US,Fully Remote,US,Medium,188539
2022,Senior,Full-Time,Data Engineer,260000,US,On-Site,US,Medium,153391
2023,Senior,Full-Time,Data Engineer,126000,US,On-Site,US,Medium,163312
2024,Entry-Level,Full-Time,Data Analyst,83300,US,On-Site,US,Medium,93773
2023,Senior,Freelance,Machine Learning Researcher,50000,UA,Hybrid,UA,Small,52312
2023,Senior,Full-Time,Research Scientist,150000,US,Fully Remote,US,Medium,185963
2024,Senior,Full-Time,Data Science,130300,US,On-Site,US,Medium,164623
2023,Senior,Full-Time,Data Science Manager,297300,US,Fully Remote,US,Medium,205920
2023,Mid-Level,Full-Time,Data Specialist,90000,US,Fully Remote,US,Medium,116591
2023,Mid-Level,Full-Time,Data Engineer,240000,US,On-Site,US,Medium,141383
2023,Senior,Full-Time,Data Engineer,73100,US,On-Site,US,Medium,163312
2024,Senior,Full-Time,Machine Learning Engineer,245000,US,Fully Remote,US,Medium,196074
2023,Mid-Level,Full-Time,Machine Learning Engineer,67672,GB,Fully Remote,GB,Medium,86180
2023,Senior,Full-Time,Data Engineer,202000,US,Fully Remote,US,Medium,158529
2023,Senior,Full-Time,NLP Engineer,71475,IT,Fully Remote,IT,Medium,86023
2024,Mid-Level,Full-Time,Machine Learning Engineer,100000,US,Fully Remote,US,Large,144197
2023,Senior,Full-Time,Machine Learning Engineer,207700,CA,On-Site,CA,Medium,177771
2024,Senior,Full-Time,Machine Learning Engineer,146900,US,On-Site,US,Medium,204712
2023,Mid-Level,Full-Time,Applied Scientist,136000,US,On-Site,US,Large,190780
2024,Senior,Full-Time,Data Engineer,190000,US,On-Site,US,Medium,162159
2024,Mid-Level,Full-Time,Data Analyst,88000,US,Fully Remote,US,Medium,107696
2023,Senior,Full-Time,Data Analyst,85000,US,Fully Remote,US,Medium,122680
2022,Senior,Full-Time,Data Engineer,170000,US,On-Site,US,Medium,153391
2023,Senior,Full-Time,AI Engineer,160000,US,On-Site,US,Medium,176286
2023,Senior,Full-Time,Business Intelligence Engineer,73824,GB,On-Site,GB,Medium,97405
2023,Senior,Full-Time,Machine Learning Engineer,152300,US,On-Site,US,Medium,201918
2023,Mid-Level,Full-Time,Data Engineer,64300,US,On-Site,US,Medium,141383
2024,Mid-Level,Full-Time,Data Engineer,107800,US,On-Site,US,Medium,137171
2024,Mid-Level,Full-Time,Data Scientist,97060,US,Fully Remote,US,Medium,138704
2023,Senior,Full-Time,Machine Learning Engineer,172200,US,On-Site,US,Medium,201918
2024,Senior,Full-Time,Data Architect,242100,US,On-Site,US,Medium,167461
2024,Mid-Level,Full-Time,Data Science Practitioner,93900,US,On-Site,US,Medium,126949
2023,Mid-Level,Full-Time,Data Scientist,183310,US,On-Site,US,Medium,140360
2024,Senior,Full-Time,Data Engineer,144000,US,On-Site,US,Medium,162159
2024,Senior,Full-Time,Machine Learning Engineer,219100,US,Fully Remote,US,Medium,196074
2023,Senior,Full-Time,Data Architect,105200,US,On-Site,US,Medium,161326
2023,Senior,Full-Time,Data Scientist,155500,US,On-Site,US,Medium,173369
2023,Senior,Full-Time,Data Scientist,143060,US,On-Site,US,Medium,173369
2024,Mid-Level,Full-Time,Data Engineer,130000,US,On-Site,US,Medium,137171
2023,Mid-Level,Full-Time,Machine Learning Engineer,84000,VN,Fully Remote,VN,Medium,69374
2022,Senior,Full-Time,Data Engineer,141300,US,On-Site,US,Medium,153391
2023,Senior,Full-Time,Machine Learning Engineer,185000,US,On-Site,US,Medium,201918
2024,Executive,Full-Time,Data Analyst,120000,US,On-Site,US,Medium,135608
2023,Senior,Full-Time,Machine Learning Engineer,260000,US,On-Site,US,Medium,201918
2023,Mid-Level,Full-Time,Data Engineer,175000,US,On-Site,US,Medium,141383
2024,Senior,Full-Time,Research Scientist,333500,US,On-Site,US,Medium,215335
2023,Senior,Full-Time,Data Engineer,152000,US,On-Site,US,Medium,163312
2024,Senior,Full-Time,Computer Vision Engineer,220000,US,Fully Remote,US,Medium,188610
2023,Senior,Full-Time,Data Analyst,110600,US,On-Site,US,Medium,128320
2023,Executive,Full-Time,Data Engineer,225000,US,On-Site,US,Medium,184765
2024,Executive,Full-Time,Data Architect,180000,US,Fully Remote,US,Medium,215476
2023,Senior,Full-Time,Data Science Lead,84700,US,On-Site,US,Medium,174233
2022,Senior,Full-Time,Data Engineer,145000,US,On-Site,US,Medium,153391
2023,Mid-Level,Full-Time,Data Engineer,128000,US,On-Site,US,Medium,141383
2023,Entry-Level,Full-Time,Research Scientist,195200,US,On-Site,US,Large,152411
2024,Senior,Full-Time,Data Engineer,56250,GB,Fully Remote,GB,Medium,93518
2023,Executive,Full-Time,Data Engineer,239000,US,Fully Remote,US,Medium,197288
2023,Senior,Full-Time,Data Engineer,90300,US,On-Site,US,Medium,163312
2023,Mid-Level,Full-Time,Data Analyst,52500,US,Fully Remote,US,Medium,100557
2022,Senior,Full-Time,Data Engineer,247500,US,On-Site,US,Medium,153391
2023,Mid-Level,Full-Time,Insight Analyst,43064,GB,On-Site,GB,Medium,103201
2024,Executive,Full-Time,Data Science,300000,US,Fully Remote,US,Medium,218979
2023,Senior,Full-Time,Research Analyst,53444,ES,Fully Remote,ES,Medium,41815
2024,Entry-Level,Full-Time,Data Analyst,100000,US,On-Site,US,Medium,93773
2024,Senior,Full-Time,Data Engineer,162000,US,On-Site,US,Medium,162159
2023,Mid-Level,Full-Time,Research Engineer,200000,US,On-Site,US,Medium,172908
2024,Mid-Level,Full-Time,Data Scientist,68975,CA,On-Site,CA,Medium,118760
2024,Senior,Full-Time,Data Analyst,109000,US,On-Site,US,Medium,130006
2023,Senior,Full-Time,Data Scientist,184700,US,On-Site,US,Medium,173369
2024,Entry-Level,Full-Time,Data Science,60800,US,On-Site,US,Medium,112868
2023,Senior,Full-Time,Research Scientist,253750,ES,On-Site,ES,Medium,209110
2023,Senior,Full-Time,Data Manager,145000,US,On-Site,US,Medium,135577
2023,Senior,Full-Time,Data Scientist,204500,US,On-Site,US,Medium,173369
2023,Senior,Full-Time,Data Engineer,140000,US,On-Site,US,Medium,163312
2023,Senior,Full-Time,Machine Learning Engineer,170000,US,On-Site,US,Medium,201918
2024,Senior,Full-Time,Data Scientist,126600,US,On-Site,US,Medium,171625
2023,Senior,Full-Time,Data Engineer,190000,US,Fully Remote,US,Medium,158529
2023,Senior,Full-Time,Data Scientist,150200,US,On-Site,US,Medium,173369
2023,Senior,Full-Time,Data Analyst,135000,US,On-Site,US,Medium,128320
2023,Senior,Full-Time,Business Intelligence Engineer,225000,US,On-Site,US,Medium,142464
2023,Senior,Full-Time,Data Science Manager,150000,MX,Fully Remote,MX,Medium,130945
2024,Senior,Full-Time,Data Architect,174000,US,On-Site,US,Medium,167461
2024,Senior,Full-Time,Research Scientist,112000,US,On-Site,US,Medium,215335
2024,Mid-Level,Full-Time,Machine Learning Researcher,210000,US,On-Site,US,Medium,166556
2023,Mid-Level,Full-Time,BI Developer,100000,US,On-Site,US,Medium,108887
2023,Mid-Level,Full-Time,Decision Scientist,142200,US,On-Site,US,Medium,155698
2023,Senior,Full-Time,Data Scientist,90700,US,On-Site,US,Medium,173369
2023,Senior,Full-Time,Data Engineer,156000,US,Fully Remote,US,Medium,158529
2024,Senior,Full-Time,Data Scientist,154360,US,On-Site,US,Medium,171625
2023,Executive,Full-Time,Analytics Engineer,221000,US,Fully Remote,US,Medium,185811
2023,Senior,Full-Time,Business Intelligence Engineer,104300,US,On-Site,US,Large,149003
2023,Executive,Full-Time,Data Architect,180000,US,On-Site,US,Medium,180822
2023,Senior,Full-Time,Data Engineer,130000,US,On-Site,US,Medium,163312
2023,Senior,Full-Time,Data Science Manager,299500,US,On-Site,US,Medium,223501
2024,Mid-Level,Full-Time,Data Operations Specialist,88000,US,On-Site,US,Medium,102068
2023,Senior,Full-Time,Data Scientist,155000,US,On-Site,US,Medium,173369
2024,Mid-Level,Full-Time,Data Engineer,203500,US,Fully Remote,US,Medium,136086
2023,Mid-Level,Full-Time,Analytics Engineer,75000,US,On-Site,US,Medium,150707
2023,Senior,Full-Time,Data Engineer,95325,US,On-Site,US,Medium,163312
2023,Mid-Level,Full-Time,Data Strategist,65000,US,On-Site,US,Medium,103265
2023,Mid-Level,Full-Time,Data Engineer,43187,PL,Fully Remote,PL,Large,50509
2023,Entry-Level,Full-Time,Data Integration Specialist,100000,US,Fully Remote,US,Medium,102387
2024,Entry-Level,Full-Time,Machine Learning Engineer,187500,US,On-Site,US,Medium,131922
2024,Senior,Full-Time,Data Manager,125500,US,On-Site,US,Medium,138041
2024,Senior,Full-Time,Data Architect,363000,US,On-Site,US,Medium,167461
2024,Entry-Level,Full-Time,Data Analyst,51500,US,On-Site,US,Medium,93773
2022,Senior,Full-Time,Applied Scientist,205000,US,Fully Remote,US,Medium,193851
2023,Senior,Full-Time,Analytics Engineer,190000,US,On-Site,US,Medium,176399
2024,Senior,Full-Time,Analytics Engineer,287500,US,On-Site,US,Medium,179474
2023,Senior,Full-Time,Data Analyst,175000,US,Fully Remote,US,Medium,122680
2022,Entry-Level,Part-Time,Data Analyst,25216,ES,Fully Remote,US,Large,33168
2022,Senior,Full-Time,Data Engineer,146000,US,On-Site,US,Medium,153391
2023,Mid-Level,Full-Time,Data Engineer,109000,US,Fully Remote,US,Medium,137804
2023,Senior,Full-Time,Data Scientist,228045,US,Fully Remote,US,Medium,174953
2023,Senior,Full-Time,Machine Learning Engineer,128250,US,On-Site,US,Medium,201918
2023,Senior,Full-Time,Machine Learning Engineer,142200,US,On-Site,US,Medium,201918
2024,Mid-Level,Full-Time,Data Product Manager,171000,US,Fully Remote,US,Medium,139591
2023,Mid-Level,Full-Time,Data Engineer,167500,US,On-Site,US,Medium,141383
2023,Senior,Full-Time,Data Manager,140000,US,On-Site,US,Medium,135577
2023,Senior,Full-Time,Data Analyst,150000,US,Fully Remote,US,Medium,122680
2023,Senior,Full-Time,Data Scientist,140400,US,Fully Remote,US,Medium,174953
2023,Senior,Full-Time,Data Scientist,138900,US,On-Site,US,Medium,173369
2024,Mid-Level,Full-Time,Research Engineer,295000,US,On-Site,US,Medium,173952
2023,Executive,Full-Time,Data Engineer,265000,US,On-Site,US,Medium,184765
2023,Senior,Full-Time,Data Scientist,151300,US,Fully Remote,US,Medium,174953
2023,Senior,Full-Time,Data Analyst,87500,US,On-Site,US,Medium,128320
2024,Entry-Level,Full-Time,Data Analyst,50000,GB,Fully Remote,GB,Medium,50457
2023,Mid-Level,Full-Time,Data Engineer,120000,US,Fully Remote,US,Medium,137804
2023,Senior,Full-Time,Data Analyst,227000,US,On-Site,US,Medium,128320
2024,Senior,Full-Time,Data Architect,86000,US,On-Site,US,Medium,167461
2023,Senior,Full-Time,Data Engineer,141000,US,On-Site,US,Medium,163312
2022,Senior,Full-Time,Data Engineer,185900,US,On-Site,US,Medium,153391
2023,Mid-Level,Full-Time,Data Engineer,58400,US,On-Site,US,Medium,141383
2023,Senior,Full-Time,Data Engineer,150000,US,Fully Remote,US,Medium,158529
2024,Mid-Level,Full-Time,Analytics Engineer,115000,US,On-Site,US,Medium,148408
2023,Executive,Full-Time,Head of Data,246080,GB,On-Site,GB,Medium,173274
2021,Senior,Full-Time,Data Engineer,200000,US,Fully Remote,US,Large,159920
2023,Entry-Level,Full-Time,Data Analyst,71615,US,On-Site,US,Medium,86195
2023,Senior,Full-Time,Applied Scientist,309400,US,On-Site,US,Large,223259
2023,Senior,Full-Time,Business Intelligence Engineer,115000,US,Fully Remote,US,Medium,135285
2024,Mid-Level,Full-Time,Data Science,130000,US,On-Site,US,Medium,139634
2024,Senior,Full-Time,Machine Learning Engineer,283780,US,On-Site,US,Medium,204712
2023,Senior,Full-Time,Data Scientist,112500,US,Fully Remote,US,Medium,174953
2022,Executive,Full-Time,Data Engineer,116100,US,Fully Remote,US,Medium,197612
2024,Senior,Full-Time,Data Scientist,115500,US,Fully Remote,US,Medium,175703
2022,Senior,Full-Time,Data Scientist,249500,US,On-Site,US,Medium,152924
2023,Mid-Level,Full-Time,Data Scientist,55368,GB,On-Site,GB,Medium,91460
2024,Mid-Level,Full-Time,Data Engineer,90800,US,On-Site,US,Medium,137171
2024,Entry-Level,Full-Time,Data Analyst,138000,US,On-Site,US,Medium,93773
2023,Senior,Full-Time,Data Scientist,200000,US,On-Site,US,Medium,173369
2023,Senior,Full-Time,Machine Learning Engineer,204500,US,On-Site,US,Medium,201918
2023,Senior,Full-Time,Data Scientist,212000,US,On-Site,US,Medium,173369
2023,Senior,Full-Time,Machine Learning Researcher,73100,US,On-Site,US,Medium,202477
2023,Senior,Full-Time,Applied Scientist,136000,US,On-Site,US,Large,223259
2023,Senior,Full-Time,Machine Learning Engineer,168700,CA,On-Site,CA,Medium,177771
2023,Entry-Level,Full-Time,Data Analyst,30000,AR,Fully Remote,US,Small,34111
2023,Mid-Level,Full-Time,Data Analyst,70000,US,On-Site,US,Medium,106011
2023,Senior,Full-Time,Business Intelligence Engineer,150000,US,On-Site,US,Medium,142464
2022,Senior,Full-Time,Data Engineer,197430,US,Fully Remote,US,Medium,157016
2023,Senior,Full-Time,Data Scientist,170000,US,On-Site,US,Medium,173369
2023,Senior,Full-Time,Data Scientist,173000,US,Fully Remote,US,Medium,174953
2023,Senior,Full-Time,Data Manager,130000,US,On-Site,US,Medium,135577
2024,Mid-Level,Full-Time,Applied Scientist,222200,US,On-Site,US,Large,182960
2023,Senior,Full-Time,Data Scientist,300240,US,On-Site,US,Medium,173369
2024,Entry-Level,Full-Time,Data Analyst,74400,US,Fully Remote,US,Medium,92098
2022,Senior,Full-Time,Data Engineer,120000,US,On-Site,US,Medium,153391
2022,Mid-Level,Full-Time,Machine Learning Engineer,129300,US,On-Site,US,Medium,154622
2024,Entry-Level,Full-Time,Machine Learning Engineer,105300,CA,Fully Remote,CA,Medium,101908
2022,Senior,Full-Time,Data Engineer,122600,US,On-Site,US,Medium,153391
2023,Executive,Full-Time,Data Scientist,145000,US,On-Site,US,Medium,183955
2024,Mid-Level,Full-Time,Data Operations Associate,55555,DE,On-Site,DE,Medium,72953
2023,Senior,Full-Time,Data Scientist,247600,US,On-Site,US,Large,171916
2024,Senior,Full-Time,Data Engineer,78900,US,On-Site,US,Medium,162159
2023,Mid-Level,Full-Time,Data Engineer,133000,US,On-Site,US,Medium,141383
2023,Senior,Full-Time,Data Scientist,176000,US,Fully Remote,US,Medium,174953
2023,Entry-Level,Full-Time,Data Engineer,130916,US,On-Site,US,Medium,111560
2023,Senior,Full-Time,Machine Learning Engineer,147000,US,On-Site,US,Medium,201918
2023,Mid-Level,Full-Time,Data Engineer,90000,US,Fully Remote,US,Medium,137804
2024,Mid-Level,Full-Time,Machine Learning Engineer,99100,US,On-Site,US,Medium,165956
2023,Senior,Full-Time,Analytics Engineer,85500,US,On-Site,US,Medium,176399
2024,Mid-Level,Full-Time,Machine Learning Engineer,130000,US,On-Site,US,Medium,165956
2023,Senior,Full-Time,Business Intelligence Analyst,193600,US,On-Site,US,Medium,138060
2023,Entry-Level,Full-Time,Data Scientist,57223,NL,Hybrid,NL,Large,45765
2023,Mid-Level,Full-Time,Data Engineer,116888,GB,Fully Remote,GB,Large,78634
2023,Senior,Full-Time,Analytics Engineer,205000,US,On-Site,US,Medium,176399
2023,Senior,Full-Time,Data Engineer,106800,US,Fully Remote,US,Medium,158529
2023,Mid-Level,Full-Time,Data Engineer,90000,US,On-Site,US,Medium,141383
2024,Mid-Level,Full-Time,Data Scientist,231250,US,On-Site,US,Medium,135556
2023,Senior,Full-Time,Data Engineer,200000,US,On-Site,US,Medium,163312
2023,Senior,Full-Time,Machine Learning Engineer,233000,US,On-Site,US,Medium,201918
2022,Entry-Level,Full-Time,Machine Learning Engineer,108000,US,On-Site,US,Small,105678
2022,Senior,Full-Time,Machine Learning Software Engineer,168000,CA,Fully Remote,CA,Medium,180825
2023,Mid-Level,Full-Time,Data Engineer,181500,US,On-Site,US,Medium,141383
2024,Mid-Level,Full-Time,Data Analytics Manager,124230,US,On-Site,US,Medium,126355
2023,Senior,Full-Time,Applied Scientist,222200,US,On-Site,US,Large,223259
2022,Senior,Full-Time,Data Engineer,225000,US,On-Site,US,Medium,153391
2023,Senior,Full-Time,Data Scientist,250000,US,On-Site,US,Medium,173369
2023,Senior,Full-Time,Data Analyst,135000,US,Fully Remote,US,Medium,122680
2024,Senior,Full-Time,Machine Learning Engineer,230000,US,Fully Remote,US,Medium,196074
2022,Senior,Full-Time,Data Engineer,36773,ES,On-Site,ES,Medium,59451
2024,Mid-Level,Full-Time,Data Engineer,73100,US,On-Site,US,Medium,137171
2023,Senior,Full-Time,Data Engineer,130000,US,Fully Remote,US,Medium,158529
2022,Senior,Full-Time,Data Engineer,63000,US,On-Site,US,Medium,153391
2024,Senior,Full-Time,Data Analyst,112715,US,On-Site,US,Medium,130006
2024,Senior,Full-Time,Data Scientist,215000,US,On-Site,US,Medium,171625
2023,Senior,Full-Time,Data Engineer,151000,CA,Fully Remote,CA,Medium,153416
2024,Senior,Full-Time,Data Engineer,187000,US,On-Site,US,Medium,162159
2023,Mid-Level,Full-Time,Research Scientist,220000,US,On-Site,US,Medium,183499
2024,Mid-Level,Full-Time,Data Specialist,73000,US,On-Site,US,Medium,99453
2024,Entry-Level,Full-Time,Data Analyst,96800,US,On-Site,US,Medium,93773
2023,Mid-Level,Full-Time,Data Scientist,93918,US,Fully Remote,US,Medium,141014
2024,Entry-Level,Full-Time,Data Analyst,106875,US,On-Site,US,Medium,93773
2023,Senior,Full-Time,Machine Learning Infrastructure Engineer,152000,US,Fully Remote,US,Medium,186849
2023,Senior,Full-Time,Data Operations Analyst,144000,GB,On-Site,GB,Medium,96860
2022,Senior,Full-Time,Data Scientist,177500,US,Fully Remote,US,Medium,163950
2024,Senior,Full-Time,Data Engineer,161500,US,On-Site,US,Medium,162159
2024,Mid-Level,Full-Time,Data Scientist,212000,EG,On-Site,EG,Medium,102076
2024,Senior,Full-Time,Data Architect,160000,US,On-Site,US,Medium,167461
2024,Senior,Full-Time,Data Analyst,193000,US,Fully Remote,US,Medium,129854
2023,Senior,Full-Time,Business Intelligence Engineer,202800,US,On-Site,US,Large,149003
2023,Senior,Full-Time,Machine Learning Engineer,250500,US,On-Site,US,Medium,201918
2023,Senior,Full-Time,Machine Learning Engineer,163200,US,On-Site,US,Medium,201918
2023,Senior,Full-Time,Data Scientist,212800,US,On-Site,US,Large,171916
2023,Mid-Level,Full-Time,Data Analytics Manager,242100,US,On-Site,US,Medium,130332
2024,Mid-Level,Full-Time,Data Scientist,110000,US,Fully Remote,US,Medium,138704
2023,Mid-Level,Full-Time,Data Scientist,90000,US,Fully Remote,US,Medium,141014
2023,Senior,Full-Time,Data Scientist,170186,US,On-Site,US,Medium,173369
2024,Mid-Level,Full-Time,Data Engineer,102000,US,On-Site,US,Medium,137171
2023,Senior,Full-Time,Data Analyst,153300,US,Fully Remote,US,Medium,122680
2024,Entry-Level,Full-Time,Business Intelligence Analyst,92000,AU,On-Site,AU,Medium,85364
2023,Senior,Full-Time,Data Engineer,128000,US,On-Site,US,Medium,163312
2023,Mid-Level,Full-Time,Machine Learning Engineer,50000,US,Fully Remote,US,Medium,155230
2023,Mid-Level,Full-Time,BI Developer,81500,US,On-Site,US,Medium,108887
2022,Senior,Full-Time,Data Engineer,216000,US,Fully Remote,US,Medium,157016
2024,Entry-Level,Full-Time,Research Engineer,193500,US,On-Site,US,Medium,168404
2023,Mid-Level,Full-Time,Machine Learning Engineer,120000,US,On-Site,US,Small,153017
2023,Entry-Level,Part-Time,Data Analyst,18160,PL,Fully Remote,IN,Large,21357
2024,Senior,Full-Time,Data Science,234700,US,On-Site,US,Medium,164623
2023,Mid-Level,Full-Time,Research Scientist,118800,US,Fully Remote,US,Medium,171266
2023,Senior,Full-Time,Machine Learning Engineer,125000,US,On-Site,US,Medium,201918
2023,Entry-Level,Full-Time,Data Engineer,58000,US,Fully Remote,US,Medium,108012
2024,Mid-Level,Full-Time,Data Scientist,140400,US,Fully Remote,US,Medium,138704
2024,Senior,Full-Time,Data Architect,234000,US,On-Site,US,Medium,167461
2023,Senior,Full-Time,Data Scientist,118900,US,On-Site,US,Medium,173369
2023,Senior,Full-Time,Data Scientist,190000,US,On-Site,US,Medium,173369
2022,Senior,Full-Time,Data Engineer,153600,US,On-Site,US,Medium,153391
2023,Senior,Full-Time,Data Engineer,139400,US,On-Site,US,Medium,163312
2023,Senior,Full-Time,Data Scientist,218213,US,Fully Remote,US,Medium,174953
2023,Senior,Full-Time,Data Analyst,80000,US,Fully Remote,US,Medium,122680
2023,Mid-Level,Full-Time,Data Analytics Lead,123040,GB,On-Site,GB,Medium,92504
2023,Senior,Full-Time,Machine Learning Engineer,260000,US,Fully Remote,US,Medium,188539
2024,Senior,Full-Time,Data Scientist,156000,US,On-Site,US,Medium,171625
2023,Senior,Full-Time,Business Intelligence Developer,102000,US,Fully Remote,US,Medium,122503
2023,Senior,Full-Time,ML Engineer,206000,US,On-Site,US,Medium,206066
2024,Senior,Full-Time,Data Analyst,126480,US,On-Site,US,Medium,130006
2023,Senior,Full-Time,Data Architect,186000,US,On-Site,US,Medium,161326
2023,Senior,Full-Time,Data Analyst,158494,US,Fully Remote,US,Medium,122680
2024,Senior,Full-Time,Machine Learning Engineer,255800,US,On-Site,US,Medium,204712
2022,Senior,Full-Time,Machine Learning Software Engineer,227200,CA,Fully Remote,CA,Medium,180825
2023,Senior,Full-Time,Data Engineer,215000,US,On-Site,US,Medium,163312
2023,Mid-Level,Full-Time,Machine Learning Engineer,93300,US,On-Site,US,Medium,167075
2024,Mid-Level,Full-Time,Data Scientist,152000,US,On-Site,US,Medium,135556
2023,Senior,Full-Time,Data Science,138000,US,On-Site,US,Medium,157751
2023,Senior,Full-Time,Data Scientist,130000,US,On-Site,US,Medium,173369
2023,Mid-Level,Full-Time,Data Engineer,250000,US,On-Site,US,Medium,141383
2024,Entry-Level,Full-Time,Data Analyst,179000,US,On-Site,US,Medium,93773
2023,Senior,Full-Time,Data Scientist,162000,US,Fully Remote,US,Medium,174953
2024,Senior,Full-Time,Data Scientist,165000,US,On-Site,US,Medium,171625
2023,Senior,Full-Time,Analytics Engineer,143860,US,On-Site,US,Medium,176399
2023,Senior,Full-Time,Machine Learning Engineer,255800,US,On-Site,US,Medium,201918
2023,Entry-Level,Full-Time,Research Analyst,75753,US,On-Site,US,Medium,101329
2024,Senior,Full-Time,Data Analyst,135000,US,On-Site,US,Medium,130006
2024,Senior,Full-Time,Data Analyst,52806,GB,On-Site,GB,Medium,81503
2023,Senior,Full-Time,Data Analyst,170550,US,Fully Remote,US,Medium,122680
2024,Mid-Level,Full-Time,Business Intelligence Engineer,165600,US,On-Site,US,Large,126816
2023,Senior,Full-Time,Data Quality Analyst,80000,US,On-Site,US,Medium,125912
2023,Senior,Full-Time,Data Scientist,184800,US,On-Site,US,Medium,173369
2023,Senior,Full-Time,Data Architect,185000,US,On-Site,US,Medium,161326
2023,Mid-Level,Full-Time,Data Scientist,55000,US,On-Site,US,Medium,140360
2023,Mid-Level,Full-Time,Data Scientist,205000,US,Fully Remote,US,Medium,141014
2023,Senior,Full-Time,Machine Learning Engineer,205600,US,Fully Remote,US,Medium,188539
2024,Senior,Full-Time,Data Scientist,160000,US,On-Site,US,Medium,171625
2024,Senior,Full-Time,Data Integration Developer,121056,US,On-Site,US,Medium,142801
2023,Senior,Full-Time,Data Scientist,192000,US,Fully Remote,US,Medium,174953
2023,Senior,Full-Time,Data Analyst,36912,GB,Fully Remote,GB,Small,57104
2023,Senior,Full-Time,Data Engineer,254000,US,On-Site,US,Medium,163312
2023,Senior,Full-Time,Business Intelligence Engineer,138900,US,Fully Remote,US,Medium,135285
2023,Mid-Level,Full-Time,Data Scientist,140000,US,On-Site,US,Medium,140360
2023,Mid-Level,Full-Time,Data Analyst,161000,US,Fully Remote,US,Medium,100557
2023,Senior,Full-Time,Data Scientist,120000,US,Fully Remote,US,Medium,174953
2024,Mid-Level,Full-Time,Data Engineer,100000,US,On-Site,US,Medium,137171
2022,Senior,Full-Time,Data Analyst,110000,US,On-Site,US,Medium,118314
2024,Entry-Level,Full-Time,Data Analyst,77265,US,On-Site,US,Medium,93773
2023,Senior,Full-Time,Data Analyst,74400,US,Fully Remote,US,Medium,122680
2024,Senior,Full-Time,Machine Learning Engineer,182000,US,On-Site,US,Medium,204712
2024,Mid-Level,Full-Time,Data Modeler,185800,US,On-Site,US,Medium,113053
2023,Mid-Level,Full-Time,Machine Learning Engineer,204500,US,On-Site,US,Medium,167075
2024,Mid-Level,Full-Time,Data Engineer,75000,US,Fully Remote,US,Medium,136086
2023,Mid-Level,Full-Time,ETL Engineer,58444,GB,Fully Remote,GB,Medium,82525
2022,Senior,Full-Time,Data Science Manager,249260,US,On-Site,US,Medium,184487
2023,Mid-Level,Full-Time,Machine Learning Engineer,285000,US,On-Site,US,Large,165622
2023,Senior,Full-Time,Data Engineer,123000,US,On-Site,US,Medium,163312
2023,Senior,Full-Time,Research Scientist,248100,US,On-Site,US,Medium,207266
2023,Senior,Full-Time,Decision Scientist,142200,US,On-Site,US,Medium,173484
2023,Senior,Full-Time,Research Engineer,133000,US,On-Site,US,Medium,207266
2024,Senior,Full-Time,Machine Learning Scientist,186153,CA,On-Site,CA,Medium,182916
2023,Senior,Full-Time,Machine Learning Engineer,115000,US,Fully Remote,US,Medium,188539
2024,Mid-Level,Full-Time,Business Intelligence Manager,164700,US,On-Site,US,Medium,120277
2023,Senior,Full-Time,Applied Scientist,230000,US,Fully Remote,US,Medium,192908
2023,Senior,Full-Time,Data Engineer,178000,US,Fully Remote,US,Medium,158529
2023,Senior,Full-Time,Data Scientist,135000,US,Fully Remote,US,Medium,174953
2023,Senior,Full-Time,Data Engineer,250000,US,Fully Remote,US,Medium,158529
2023,Senior,Full-Time,Data Engineer,90700,US,On-Site,US,Medium,163312
2023,Mid-Level,Full-Time,Data Engineer,80000,ES,Fully Remote,ES,Medium,59730
2023,Senior,Full-Time,Research Scientist,159300,US,On-Site,US,Medium,207266
2024,Senior,Full-Time,Business Intelligence,132600,US,On-Site,US,Medium,152508
2022,Mid-Level,Full-Time,Data Analyst,109000,US,On-Site,US,Medium,99720
2023,Senior,Full-Time,Data Engineer,140100,US,On-Site,US,Medium,163312
2024,Mid-Level,Full-Time,Data Scientist,147800,US,On-Site,US,Medium,135556
2023,Senior,Full-Time,Data Analyst,80000,US,Fully Remote,US,Small,83363
2024,Senior,Full-Time,Machine Learning Engineer,225000,US,On-Site,US,Medium,204712
2024,Senior,Full-Time,Data Scientist,117400,US,On-Site,US,Medium,171625
2023,Mid-Level,Full-Time,Data Specialist,73000,US,Fully Remote,US,Medium,116591
2024,Senior,Full-Time,Data Scientist,236400,US,On-Site,US,Medium,171625
2023,Mid-Level,Full-Time,Data Scientist,166000,US,On-Site,US,Medium,140360
2023,Senior,Full-Time,Data Infrastructure Engineer,151090,US,On-Site,US,Medium,177733
2023,Senior,Full-Time,Data Analyst,116000,US,Fully Remote,US,Medium,122680
2023,Entry-Level,Full-Time,Business Intelligence Analyst,49216,GB,On-Site,GB,Medium,53827
2023,Senior,Full-Time,Analytics Engineer,130000,CA,On-Site,CA,Medium,167056
2024,Entry-Level,Full-Time,Research Analyst,49452,US,On-Site,US,Medium,130194
2024,Mid-Level,Full-Time,Data Scientist,170200,US,On-Site,US,Medium,135556
2023,Senior,Full-Time,Data Manager,155000,US,On-Site,US,Medium,135577
2024,Mid-Level,Full-Time,ML Engineer,140000,US,On-Site,US,Medium,158390
2023,Mid-Level,Full-Time,Data Engineer,88000,CO,On-Site,CO,Medium,93666
2024,Entry-Level,Full-Time,Data Analyst,192500,US,On-Site,US,Medium,93773
2022,Executive,Full-Time,Data Engineer,239000,US,Fully Remote,US,Medium,197612
2024,Senior,Full-Time,Data Engineer,165100,US,On-Site,US,Medium,162159
2024,Mid-Level,Full-Time,Data Scientist,115000,US,On-Site,US,Medium,135556
2023,Senior,Full-Time,BI Analyst,147000,US,Fully Remote,US,Medium,120739
2023,Entry-Level,Full-Time,Data Engineer,80000,US,On-Site,US,Medium,111560
2024,Senior,Full-Time,Data Scientist,125000,US,On-Site,US,Medium,171625
2023,Senior,Full-Time,Data Analyst,140000,US,On-Site,US,Medium,128320
2023,Senior,Full-Time,Data Scientist,190200,US,On-Site,US,Medium,173369
2023,Entry-Level,Full-Time,Data Management Analyst,50000,US,On-Site,US,Medium,85072
2024,Entry-Level,Full-Time,Data Management Analyst,50000,US,On-Site,US,Medium,88977
2023,Mid-Level,Full-Time,Machine Learning Engineer,50000,AM,On-Site,AM,Small,56224
2024,Senior,Full-Time,Analytics Engineer,720000,US,On-Site,US,Medium,179474
2023,Senior,Full-Time,Data Analyst,84400,US,On-Site,US,Medium,128320
2024,Entry-Level,Full-Time,Applied Scientist,104000,US,Fully Remote,US,Medium,154555
2023,Senior,Full-Time,Data Analyst,78000,US,Fully Remote,US,Medium,122680
2023,Senior,Full-Time,Business Intelligence Engineer,156400,US,On-Site,US,Medium,142464
2024,Senior,Full-Time,Data Scientist,151000,US,On-Site,US,Medium,171625
2024,Mid-Level,Full-Time,Data Engineer,150000,US,On-Site,US,Medium,137171
2023,Senior,Full-Time,Data Scientist,110000,US,Fully Remote,US,Medium,174953
2023,Mid-Level,Full-Time,Data Analyst,143000,US,On-Site,US,Medium,106011
2022,Senior,Full-Time,Data Engineer,75000,US,On-Site,US,Medium,153391
2023,Senior,Full-Time,Machine Learning Engineer,119700,US,On-Site,US,Medium,201918
2023,Senior,Full-Time,Data Engineer,146000,US,Fully Remote,US,Medium,158529
2023,Mid-Level,Full-Time,Data Analyst,115950,US,On-Site,US,Medium,106011
2023,Senior,Full-Time,Data Scientist,160000,US,Fully Remote,US,Medium,174953
2023,Senior,Full-Time,Data Scientist,222750,US,On-Site,US,Medium,173369
2024,Mid-Level,Full-Time,Data Analyst,150000,US,Fully Remote,US,Medium,107696
2024,Senior,Full-Time,Data Scientist,212000,US,On-Site,US,Medium,171625
2024,Senior,Full-Time,Research Scientist,211900,US,On-Site,US,Medium,215335
2023,Senior,Full-Time,Business Intelligence Analyst,112000,CA,On-Site,CA,Medium,121756
2023,Mid-Level,Full-Time,Data Analyst,101000,US,On-Site,US,Medium,106011
2023,Senior,Full-Time,ML Engineer,365630,US,On-Site,US,Medium,206066
2024,Senior,Full-Time,Machine Learning Engineer,216800,US,Fully Remote,US,Medium,196074
2023,Mid-Level,Full-Time,Data Analyst,100000,US,Fully Remote,US,Medium,100557
2023,Entry-Level,Full-Time,Data Scientist,132200,GB,On-Site,GB,Medium,71009
2023,Mid-Level,Full-Time,Data Engineer,111000,US,Fully Remote,US,Medium,137804
2023,Senior,Full-Time,Data Analyst,55368,CF,Fully Remote,CF,Medium,81203
2023,Senior,Full-Time,Data Scientist,148800,US,On-Site,US,Medium,173369
2023,Senior,Full-Time,Data Scientist,104650,US,Fully Remote,US,Medium,174953
2023,Senior,Full-Time,Data Analyst,230000,US,On-Site,US,Medium,128320
2023,Senior,Full-Time,Data Engineer,166000,US,On-Site,US,Medium,163312
2023,Mid-Level,Full-Time,Data Architect,100000,US,On-Site,US,Medium,137441
2023,Mid-Level,Full-Time,Data Analyst,130000,US,On-Site,US,Medium,106011
2023,Senior,Full-Time,Research Scientist,250000,US,On-Site,US,Medium,207266
2023,Entry-Level,Full-Time,ML Engineer,130000,US,On-Site,US,Medium,129470
2023,Mid-Level,Full-Time,Data Analyst,15680,PH,Hybrid,PH,Large,37149
2023,Senior,Full-Time,Machine Learning Engineer,234500,US,On-Site,US,Medium,201918
2023,Senior,Full-Time,Data Scientist,170500,CA,Fully Remote,CA,Medium,159714
2023,Senior,Full-Time,Data Scientist,207900,US,On-Site,US,Medium,173369
2023,Mid-Level,Full-Time,Data Analyst,59500,US,On-Site,US,Medium,106011
2023,Senior,Full-Time,Data Engineer,82900,IN,On-Site,IN,Medium,75802
2023,Entry-Level,Full-Time,Data Scientist,156450,US,Fully Remote,US,Medium,113108
2024,Mid-Level,Full-Time,Machine Learning Engineer,177100,US,On-Site,US,Medium,165956
2024,Executive,Full-Time,Data Scientist,125000,US,On-Site,US,Medium,180933
2023,Senior,Full-Time,Research Scientist,145900,US,On-Site,US,Medium,207266
2023,Mid-Level,Full-Time,Data Engineer,179000,US,On-Site,US,Medium,141383
2024,Mid-Level,Full-Time,Data Scientist,111600,US,On-Site,US,Large,132215
2023,Senior,Full-Time,Data Scientist,145000,US,Fully Remote,US,Medium,174953
2022,Senior,Full-Time,Data Scientist,180000,US,Fully Remote,US,Large,166610
2024,Senior,Full-Time,Research Scientist,127300,US,On-Site,US,Large,169926
2022,Senior,Full-Time,Data Scientist,141525,US,Fully Remote,US,Medium,163950
2023,Senior,Full-Time,Data Scientist,164000,US,Fully Remote,US,Medium,174953
2023,Senior,Full-Time,Data Scientist,257000,US,Fully Remote,US,Medium,174953
2023,Senior,Full-Time,Data Engineer,122000,US,On-Site,US,Medium,163312
2024,Senior,Full-Time,Data Scientist,297000,US,On-Site,US,Medium,171625
2022,Senior,Full-Time,Data Scientist,155000,US,Fully Remote,US,Medium,163950
2023,Senior,Full-Time,Data Analyst,55000,US,On-Site,US,Medium,128320
2023,Senior,Full-Time,Machine Learning Engineer,200000,US,Fully Remote,US,Medium,188539
2023,Senior,Full-Time,Data Analyst,187000,US,On-Site,US,Medium,128320
2024,Mid-Level,Full-Time,Business Intelligence,100000,US,On-Site,US,Medium,132961
2024,Senior,Full-Time,Research Engineer,235680,US,On-Site,US,Medium,215335
2023,Senior,Full-Time,Data Architect,175564,US,Fully Remote,US,Medium,173332
2023,Executive,Full-Time,Analytics Engineer,170000,US,On-Site,US,Medium,172284
2024,Senior,Full-Time,Data Scientist,130000,US,On-Site,US,Medium,171625
2023,Senior,Full-Time,Data Analyst,169000,US,On-Site,US,Medium,128320
2024,Senior,Full-Time,Data Architect,299792,US,On-Site,US,Medium,167461
2023,Entry-Level,Full-Time,Data Scientist,70000,US,On-Site,US,Medium,111924
2023,Senior,Full-Time,Applied Scientist,133500,US,On-Site,US,Medium,186452
2024,Entry-Level,Full-Time,Research Analyst,116000,US,Fully Remote,US,Medium,126073
2023,Entry-Level,Full-Time,Data Analyst,74300,US,Fully Remote,US,Medium,79277
2022,Senior,Full-Time,Data Architect,250000,US,On-Site,US,Medium,151985
2024,Mid-Level,Full-Time,Data Engineer,115000,US,Fully Remote,US,Medium,136086
2022,Senior,Full-Time,Machine Learning Engineer,129300,US,On-Site,US,Medium,176778
2023,Executive,Full-Time,Data Engineer,167500,US,On-Site,US,Medium,184765
2023,Senior,Full-Time,Machine Learning Engineer,197400,US,On-Site,US,Medium,201918
2023,Senior,Full-Time,Data Strategist,125000,US,Fully Remote,US,Medium,142126
2024,Mid-Level,Full-Time,Data Analyst,134400,US,On-Site,US,Medium,107663
2023,Senior,Full-Time,Data Analyst,130000,US,On-Site,US,Medium,128320
2023,Senior,Full-Time,Analytics Engineer,150000,US,Fully Remote,US,Medium,165674
2023,Senior,Full-Time,Machine Learning Engineer,66000,US,On-Site,US,Medium,201918
2024,Mid-Level,Full-Time,Business Intelligence Analyst,125000,US,On-Site,US,Medium,118462
2023,Senior,Full-Time,Data Scientist,185900,US,On-Site,US,Medium,173369
2023,Senior,Full-Time,Data Scientist,220000,US,On-Site,US,Medium,173369
2022,Mid-Level,Full-Time,Data Analyst,150000,US,On-Site,US,Medium,99720
2023,Senior,Full-Time,Data Scientist,210000,US,On-Site,US,Medium,173369
2024,Entry-Level,Full-Time,Data Science,72222,DE,On-Site,DE,Medium,71381
2024,Senior,Full-Time,Data Engineer,188000,US,On-Site,US,Medium,162159
2023,Senior,Full-Time,Data Architect,113900,US,Fully Remote,US,Medium,173332
2023,Senior,Full-Time,Data Modeler,258700,US,On-Site,US,Medium,135577
2023,Mid-Level,Full-Time,Data Analyst,36000,US,Fully Remote,US,Medium,100557
2023,Senior,Full-Time,Data Engineer,160000,US,On-Site,US,Medium,163312
2024,Mid-Level,Full-Time,Data Analyst,135000,US,On-Site,US,Medium,107663
2024,Mid-Level,Full-Time,Research Scientist,100400,US,On-Site,US,Large,135265
2023,Mid-Level,Full-Time,Data Engineer,130000,US,On-Site,US,Medium,141383
2023,Senior,Full-Time,Applied Scientist,192000,US,Fully Remote,US,Medium,192908
2022,Senior,Full-Time,Data Engineer,160395,US,Fully Remote,US,Medium,157016
2024,Senior,Full-Time,Data Architect,165000,US,Fully Remote,US,Medium,174675
2024,Mid-Level,Full-Time,Data Engineer,154000,US,On-Site,US,Medium,137171
2023,Mid-Level,Full-Time,Machine Learning Engineer,125000,US,On-Site,US,Medium,167075
2024,Senior,Full-Time,Data Scientist,145000,US,Fully Remote,US,Medium,175703
2023,Senior,Full-Time,AI Architect,330000,US,On-Site,US,Medium,281241
2023,Senior,Full-Time,AI Engineer,106200,US,On-Site,US,Medium,176286
2024,Senior,Full-Time,Analytics Engineer,153018,US,On-Site,US,Medium,179474
2023,Senior,Full-Time,Data Engineer,178500,US,On-Site,US,Medium,163312
2023,Senior,Full-Time,Data Engineer,194000,US,On-Site,US,Medium,163312
2023,Senior,Full-Time,Data Analyst,240500,US,On-Site,US,Medium,128320
2023,Senior,Full-Time,Data Scientist,165000,US,On-Site,US,Medium,173369
2022,Mid-Level,Full-Time,Data Engineer,120000,US,Fully Remote,US,Medium,138127
2023,Senior,Full-Time,Data Analyst,140000,US,Fully Remote,US,Medium,122680
2023,Senior,Full-Time,Machine Learning Engineer,140358,DE,Fully Remote,DE,Medium,133904
2023,Senior,Full-Time,Business Intelligence Engineer,170000,US,On-Site,US,Medium,142464
2024,Senior,Full-Time,AI Architect,197500,US,On-Site,US,Medium,181673
2024,Senior,Full-Time,Data Science Consultant,122000,US,On-Site,US,Medium,139605
2024,Senior,Full-Time,ETL Developer,99500,US,On-Site,US,Medium,117186
2024,Mid-Level,Full-Time,Business Intelligence,150000,US,On-Site,US,Medium,132961
2023,Senior,Full-Time,Data Engineer,133300,US,On-Site,US,Medium,163312
2023,Senior,Full-Time,Decision Scientist,204500,US,On-Site,US,Medium,173484
2023,Senior,Full-Time,Data Analyst,92280,GB,On-Site,GB,Medium,91001
2023,Senior,Full-Time,Data Scientist,187000,US,Fully Remote,US,Medium,174953
2024,Mid-Level,Full-Time,Data Scientist,162000,US,On-Site,US,Medium,135556
2022,Senior,Full-Time,Data Architect,190000,US,Fully Remote,US,Medium,172398
2023,Senior,Full-Time,Analytics Engineer,235400,US,Fully Remote,US,Medium,165674
2023,Mid-Level,Full-Time,Data Engineer,100000,US,On-Site,US,Medium,141383
2024,Senior,Full-Time,Analytics Engineer,140000,CA,On-Site,CA,Medium,170614
2023,Senior,Full-Time,Data Scientist,166000,CA,Fully Remote,CA,Medium,159714
2023,Senior,Full-Time,Data Engineer,199000,US,On-Site,US,Medium,163312
2023,Senior,Full-Time,Data Scientist,245000,US,Fully Remote,US,Medium,174953
2023,Mid-Level,Full-Time,AI Engineer,225000,US,On-Site,US,Medium,147099
2023,Senior,Full-Time,Data Engineer,133800,US,On-Site,US,Medium,163312
2023,Senior,Full-Time,Analytics Engineer,84000,US,On-Site,US,Medium,176399
2024,Entry-Level,Full-Time,Data Analyst,75065,US,Fully Remote,US,Medium,92098
2023,Senior,Full-Time,Data Scientist,240000,US,Fully Remote,US,Medium,174953
2023,Senior,Full-Time,Data Architect,170000,US,Fully Remote,US,Medium,173332
2023,Senior,Full-Time,Data Scientist,295490,US,On-Site,US,Medium,173369
2023,Mid-Level,Full-Time,Machine Learning Engineer,135000,US,On-Site,US,Medium,167075
2024,Entry-Level,Full-Time,Data Analyst,153000,US,Fully Remote,US,Medium,92098
2023,Senior,Full-Time,Data Scientist,370000,US,On-Site,US,Medium,173369
2023,Senior,Full-Time,Data Operations Engineer,240000,US,On-Site,US,Medium,191947
2023,Mid-Level,Full-Time,Data Engineer,130000,US,Fully Remote,US,Medium,137804
2024,Senior,Full-Time,Machine Learning Engineer,137500,US,On-Site,US,Medium,204712
2023,Executive,Full-Time,Head of Data,172200,US,On-Site,US,Medium,217967
2022,Mid-Level,Full-Time,Data Engineer,120000,US,On-Site,US,Medium,135676
2023,Senior,Full-Time,Data Architect,90000,US,Fully Remote,US,Medium,173332
2023,Entry-Level,Full-Time,Data Analyst,75000,US,Fully Remote,US,Medium,79277
2024,Mid-Level,Full-Time,Data Science Practitioner,68400,US,On-Site,US,Medium,126949
2022,Senior,Full-Time,Data Scientist,159000,US,On-Site,US,Large,153009
2022,Senior,Full-Time,Data Scientist,98506,GB,On-Site,GB,Medium,101494
2023,Senior,Full-Time,BI Developer,167500,US,On-Site,US,Medium,129636
2023,Senior,Full-Time,Data Architect,180000,US,Fully Remote,US,Medium,173332
2023,Entry-Level,Full-Time,Data Analyst,41419,US,Fully Remote,US,Medium,79277
2023,Senior,Full-Time,Machine Learning Engineer,176000,US,On-Site,US,Medium,201918
2023,Senior,Full-Time,Data Analyst,153600,US,Fully Remote,US,Medium,122680
2024,Mid-Level,Full-Time,Data Engineer,158000,US,On-Site,US,Medium,137171
2023,Senior,Full-Time,Computer Vision Engineer,210000,US,On-Site,US,Medium,199001
2024,Senior,Full-Time,Data Science,162000,US,On-Site,US,Medium,164623
2023,Mid-Level,Full-Time,Data Analyst,110000,US,Fully Remote,US,Medium,100557
2023,Senior,Full-Time,Research Scientist,163200,US,On-Site,US,Medium,207266
2024,Senior,Full-Time,Data Engineer,100000,US,On-Site,US,Medium,162159
2024,Mid-Level,Full-Time,Data Scientist,166000,US,On-Site,US,Medium,135556
2023,Mid-Level,Full-Time,Machine Learning Engineer,92280,GB,Fully Remote,GB,Medium,86180
2024,Senior,Full-Time,Data Engineer,180000,US,On-Site,US,Medium,162159
2023,Entry-Level,Full-Time,Data Engineer,187000,US,On-Site,US,Medium,111560
2023,Senior,Full-Time,Machine Learning Engineer,191400,US,On-Site,US,Medium,201918
2023,Senior,Full-Time,Analytics Engineer,82920,US,Fully Remote,US,Medium,165674
2023,Senior,Full-Time,Business Intelligence Analyst,198200,US,On-Site,US,Medium,138060
2023,Senior,Full-Time,Applied Scientist,260000,US,On-Site,US,Large,223259
2023,Mid-Level,Full-Time,Applied Scientist,222200,US,On-Site,US,Large,190780
2023,Senior,Full-Time,Research Engineer,196000,US,On-Site,US,Medium,207266
2024,Senior,Full-Time,Data Operations Specialist,55720,US,Fully Remote,US,Medium,109026
2022,Senior,Full-Time,Data Engineer,135000,US,On-Site,US,Medium,153391
2023,Senior,Full-Time,Data Engineer,275300,US,Fully Remote,US,Medium,158529
2023,Senior,Full-Time,Data Scientist,121000,US,On-Site,US,Medium,173369
2023,Senior,Full-Time,Data Analyst,105000,US,On-Site,US,Medium,128320
2023,Senior,Full-Time,Data Analyst,127000,US,Fully Remote,US,Medium,122680
2023,Senior,Full-Time,Data Scientist,135000,US,On-Site,US,Medium,173369
2023,Senior,Full-Time,Data Scientist,171000,US,On-Site,US,Medium,173369
2023,Senior,Full-Time,Machine Learning Engineer,276000,US,On-Site,US,Medium,201918
2024,Senior,Full-Time,Machine Learning Engineer,258800,US,On-Site,US,Medium,204712
2024,Executive,Full-Time,Data Science,204000,US,On-Site,US,Medium,187958
2022,Senior,Full-Time,Machine Learning Engineer,204500,US,On-Site,US,Medium,176778
2023,Senior,Full-Time,Machine Learning Engineer,204600,US,On-Site,US,Medium,201918
2024,Mid-Level,Full-Time,Data Scientist,85000,US,On-Site,US,Medium,135556
2024,Mid-Level,Full-Time,Data Analyst,84000,US,On-Site,US,Medium,107663
2022,Senior,Full-Time,Data Scientist,37824,ES,On-Site,ES,Medium,61435
2022,Senior,Full-Time,ML Engineer,160000,US,On-Site,US,Medium,180926
2023,Mid-Level,Full-Time,Data Engineer,169000,US,On-Site,US,Medium,141383
2023,Entry-Level,Full-Time,Data Engineer,160000,US,On-Site,US,Medium,111560
2023,Senior,Full-Time,Research Scientist,205500,US,On-Site,US,Medium,207266
2023,Senior,Full-Time,Data Quality Engineer,121400,US,On-Site,US,Medium,125912
2023,Mid-Level,Full-Time,Research Scientist,125000,US,On-Site,US,Medium,183499
2023,Senior,Full-Time,Data Scientist,190000,US,Fully Remote,US,Medium,174953
2023,Senior,Full-Time,Data Scientist,214872,US,Fully Remote,US,Medium,174953
2024,Senior,Full-Time,Data Engineer,140000,US,Fully Remote,US,Medium,159871
2024,Mid-Level,Full-Time,Data Scientist,110000,US,On-Site,US,Medium,135556
2023,Mid-Level,Full-Time,Data Analyst,95000,US,Fully Remote,US,Medium,100557
2024,Senior,Full-Time,Analytics Engineer,96700,US,Fully Remote,US,Medium,164732
2024,Mid-Level,Full-Time,Data Engineer,162000,US,Fully Remote,US,Medium,136086
2023,Senior,Full-Time,Data Scientist,93300,US,On-Site,US,Medium,173369
2023,Senior,Full-Time,Data Analyst,155000,US,On-Site,US,Medium,128320
2024,Mid-Level,Full-Time,AI Engineer,73100,US,On-Site,US,Medium,139818
2024,Senior,Full-Time,Data Engineer,130100,US,On-Site,US,Medium,162159
2023,Entry-Level,Full-Time,Data Analyst,47985,US,On-Site,US,Medium,86195
2022,Senior,Full-Time,Data Engineer,215000,US,On-Site,US,Medium,153391
2023,Senior,Full-Time,Data Scientist,198200,US,Fully Remote,US,Medium,174953
2024,Entry-Level,Full-Time,Data Analyst,64000,US,Fully Remote,US,Medium,92098
2023,Senior,Full-Time,Analytics Engineer,209000,US,On-Site,US,Medium,176399
2023,Senior,Full-Time,Machine Learning Engineer,122700,US,On-Site,US,Medium,201918
2023,Senior,Full-Time,Data Scientist,122700,US,On-Site,US,Medium,173369
2023,Mid-Level,Full-Time,Data Scientist,97171,IE,On-Site,IE,Medium,78965
2023,Senior,Full-Time,Data Engineer,163800,US,On-Site,US,Medium,163312
2023,Entry-Level,Full-Time,Data Analyst,55000,US,On-Site,US,Medium,86195
2024,Senior,Full-Time,Analytics Engineer,92000,US,Fully Remote,US,Medium,164732
2023,Senior,Full-Time,Machine Learning Engineer,79032,LT,On-Site,LT,Medium,131435
2023,Senior,Full-Time,Data Scientist,125000,US,Fully Remote,US,Medium,174953
2024,Senior,Full-Time,Applied Scientist,209000,PL,Fully Remote,PL,Medium,175283
2023,Mid-Level,Full-Time,Applied Scientist,125000,US,On-Site,US,Medium,156392
2024,Mid-Level,Full-Time,Data Engineer,110000,US,Fully Remote,US,Medium,136086
2023,Mid-Level,Full-Time,Data Engineer,149600,US,On-Site,US,Medium,141383
2023,Mid-Level,Full-Time,Data Analyst,61800,US,Fully Remote,US,Medium,100557
2023,Senior,Full-Time,Research Engineer,261500,US,On-Site,US,Large,207744
2023,Senior,Full-Time,Business Intelligence Analyst,110600,US,On-Site,US,Medium,138060
2023,Senior,Full-Time,Machine Learning Scientist,200000,US,On-Site,US,Medium,202477
2023,Senior,Full-Time,Data Scientist,234000,US,On-Site,US,Medium,173369
2022,Senior,Full-Time,Data Engineer,180000,US,On-Site,US,Medium,153391
2022,Mid-Level,Full-Time,Data Analyst,102640,US,Fully Remote,US,Medium,99636
2023,Senior,Full-Time,Data Scientist,138000,US,On-Site,US,Medium,173369
2024,Mid-Level,Full-Time,Data Engineer,132000,US,Fully Remote,US,Medium,136086
2024,Entry-Level,Full-Time,Data Engineer,115000,US,Fully Remote,US,Medium,110551
2024,Senior,Full-Time,Data Engineer,205000,US,On-Site,US,Medium,162159
2023,Executive,Full-Time,Analytics Engineer,200000,US,On-Site,US,Medium,172284
2023,Senior,Full-Time,Data Engineer,205000,US,On-Site,US,Medium,163312
2024,Senior,Full-Time,Machine Learning Engineer,216700,CA,Fully Remote,CA,Medium,168571
2022,Senior,Full-Time,Applied Machine Learning Scientist,108000,US,On-Site,US,Large,153161
2023,Senior,Full-Time,Data Engineer,252000,US,Fully Remote,US,Medium,158529
2024,Senior,Full-Time,Data Engineer,137500,US,On-Site,US,Medium,162159
2024,Mid-Level,Full-Time,Data Engineer,123000,US,On-Site,US,Medium,137171
2023,Senior,Full-Time,Applied Scientist,196000,US,Fully Remote,US,Medium,192908
2023,Senior,Full-Time,Machine Learning Engineer,226600,US,On-Site,US,Medium,201918
2023,Senior,Full-Time,Data Engineer,158620,US,On-Site,US,Medium,163312
2023,Senior,Full-Time,Data Engineer,68637,US,Fully Remote,US,Medium,158529
2023,Senior,Full-Time,Research Scientist,235000,US,Fully Remote,US,Medium,185963
2023,Senior,Full-Time,Data Analyst,125000,US,Fully Remote,US,Medium,122680
2023,Mid-Level,Full-Time,Data Analyst,49216,GB,On-Site,GB,Medium,70536
2023,Senior,Full-Time,Data Scientist,185000,US,On-Site,US,Medium,173369
2022,Senior,Full-Time,Data Scientist,81500,US,On-Site,US,Medium,152924
2024,Mid-Level,Contract,Data Analyst Lead,125000,NZ,Hybrid,NZ,Small,113068
2023,Mid-Level,Full-Time,Research Scientist,155000,US,On-Site,US,Medium,183499
2023,Mid-Level,Full-Time,Data Engineer,66940,ES,Fully Remote,ES,Medium,59730
2023,Mid-Level,Full-Time,Data Engineer,190000,CA,Fully Remote,CA,Medium,135900
2023,Senior,Full-Time,Data Scientist,167500,US,On-Site,US,Medium,173369
2023,Mid-Level,Full-Time,Data Engineer,260000,US,On-Site,US,Medium,141383
2023,Senior,Full-Time,Data Science,86000,US,On-Site,US,Medium,157751
2024,Mid-Level,Full-Time,Machine Learning Engineer,175000,US,On-Site,US,Medium,165956
2023,Senior,Full-Time,Data Engineer,128000,US,Fully Remote,US,Medium,158529
2023,Senior,Full-Time,Data Analyst,165000,US,Fully Remote,US,Medium,122680
2023,Senior,Full-Time,Business Intelligence Engineer,241300,US,On-Site,US,Large,149003
2024,Senior,Full-Time,Data Scientist,155600,US,On-Site,US,Medium,171625
2023,Senior,Full-Time,Research Scientist,165000,US,On-Site,US,Medium,207266
2024,Mid-Level,Full-Time,Data Analyst,70000,US,On-Site,US,Medium,107663
2023,Senior,Full-Time,Data Scientist,156000,US,Fully Remote,US,Medium,174953
2023,Senior,Full-Time,Data Engineer,170000,US,On-Site,US,Medium,163312
2023,Mid-Level,Full-Time,Data Science Lead,134326,US,On-Site,US,Medium,141065
2023,Senior,Full-Time,Data Architect,193000,US,Fully Remote,US,Medium,173332
2024,Senior,Full-Time,Research Scientist,146000,US,On-Site,US,Medium,215335
2023,Senior,Full-Time,Data Scientist,186300,US,Fully Remote,US,Medium,174953
2024,Senior,Full-Time,Data Architect,115000,US,On-Site,US,Medium,167461
2024,Senior,Full-Time,Data Engineer,190100,US,Fully Remote,US,Medium,159871
2024,Entry-Level,Full-Time,Insight Analyst,50000,US,Fully Remote,US,Medium,116140
2023,Senior,Full-Time,Data Modeler,147100,US,On-Site,US,Medium,135577
2023,Senior,Full-Time,Data Science,115000,US,On-Site,US,Medium,157751
2022,Senior,Full-Time,Data Architect,131300,US,Fully Remote,US,Large,175121
2023,Senior,Full-Time,Data Engineer,107600,US,On-Site,US,Medium,163312
2023,Senior,Full-Time,Data Analyst,100000,US,Fully Remote,US,Medium,122680
2023,Mid-Level,Full-Time,Data Manager,115500,US,On-Site,US,Medium,113649
2024,Mid-Level,Full-Time,Machine Learning Operations Engineer,160000,US,On-Site,US,Medium,163107
2024,Entry-Level,Full-Time,Data Analyst,106960,US,On-Site,US,Medium,93773
2024,Senior,Full-Time,Data Analyst,153900,US,On-Site,US,Medium,130006
2024,Executive,Full-Time,Head of Data,250000,US,Fully Remote,US,Medium,253091
2023,Senior,Full-Time,Data Analyst,115934,US,Fully Remote,US,Medium,122680
2024,Senior,Full-Time,Business Intelligence,100000,US,On-Site,US,Medium,152508
2023,Senior,Full-Time,Data Engineer,269100,US,On-Site,US,Medium,163312
2023,Senior,Full-Time,Machine Learning Engineer,204000,US,On-Site,US,Medium,201918
2024,Senior,Full-Time,Applied Scientist,290000,US,Fully Remote,US,Medium,207614
2024,Senior,Full-Time,Machine Learning Engineer,250000,US,On-Site,US,Medium,204712
2024,Mid-Level,Full-Time,Data Analytics Manager,68637,US,On-Site,US,Medium,126355
2023,Senior,Full-Time,Data Engineer,94000,US,On-Site,US,Medium,163312
2024,Mid-Level,Full-Time,Business Intelligence Engineer,65000,US,Fully Remote,US,Medium,112482
2022,Senior,Full-Time,Data Analyst,110000,US,Fully Remote,US,Medium,118871
2022,Senior,Full-Time,Data Scientist,154000,US,On-Site,US,Medium,152924
2024,Senior,Full-Time,Data Scientist,162000,US,On-Site,US,Medium,171625
2023,Senior,Full-Time,Data Scientist,231250,US,On-Site,US,Medium,173369
2022,Senior,Full-Time,Data Scientist,104000,US,Fully Remote,US,Medium,163950
2023,Mid-Level,Full-Time,Data Analyst,100000,US,On-Site,US,Medium,106011
2023,Senior,Full-Time,Data Analyst,73500,US,Fully Remote,US,Medium,122680
2023,Senior,Full-Time,Data Analyst,93500,US,Fully Remote,US,Medium,122680
2023,Mid-Level,Full-Time,Analytics Engineer,61520,GB,On-Site,GB,Medium,101589
2022,Mid-Level,Full-Time,Data Analyst,36940,GB,Fully Remote,GB,Medium,59296
2024,Entry-Level,Full-Time,Data Analyst,101000,US,On-Site,US,Medium,93773
2023,Senior,Full-Time,Data Scientist,120000,US,On-Site,US,Medium,173369
2021,Entry-Level,Full-Time,Machine Learning Research Engineer,20000,FR,Hybrid,FR,Medium,54310
2024,Senior,Full-Time,Data Engineer,118000,US,On-Site,US,Medium,162159
2023,Mid-Level,Full-Time,Machine Learning Engineer,98432,GB,On-Site,GB,Medium,116248
2024,Mid-Level,Full-Time,Data Analytics Manager,145400,US,On-Site,US,Medium,126355
2022,Senior,Full-Time,Data Engineer,215000,US,Fully Remote,US,Medium,157016
2023,Senior,Full-Time,ETL Developer,113000,US,Fully Remote,US,Medium,151133
2024,Senior,Full-Time,Business Intelligence Engineer,108500,US,Fully Remote,US,Medium,131792
2023,Senior,Full-Time,Machine Learning Infrastructure Engineer,150000,US,On-Site,US,Medium,201877
2023,Executive,Full-Time,Data Engineer,130000,US,On-Site,US,Medium,184765
2022,Senior,Full-Time,Data Scientist,129300,US,On-Site,US,Medium,152924
2022,Mid-Level,Full-Time,Data Engineer,175000,US,On-Site,US,Medium,135676
2024,Senior,Full-Time,Data Engineer,247300,US,On-Site,US,Medium,162159
2023,Executive,Full-Time,Data Science Manager,140100,US,On-Site,US,Large,213218
2024,Senior,Full-Time,Data Scientist,225000,CA,On-Site,CA,Medium,153535
2023,Mid-Level,Full-Time,Data Scientist,123740,US,On-Site,US,Medium,140360
2024,Mid-Level,Full-Time,Data Scientist,240000,US,On-Site,US,Medium,135556
2024,Mid-Level,Full-Time,Data Engineer,50000,GB,On-Site,GB,Medium,75449
2024,Senior,Full-Time,Data Scientist,184800,US,On-Site,US,Medium,171625
2024,Senior,Full-Time,Data Analyst,207300,US,On-Site,US,Medium,130006
2024,Mid-Level,Full-Time,Business Intelligence Analyst,120672,US,On-Site,US,Medium,118462
2023,Senior,Full-Time,Data Science Consultant,157550,US,On-Site,US,Medium,141588
2024,Senior,Full-Time,Research Scientist,245000,US,On-Site,US,Medium,215335
2023,Mid-Level,Full-Time,Data Manager,100000,US,On-Site,US,Medium,113649
2023,Senior,Full-Time,Data Manager,168400,US,On-Site,US,Medium,135577
2023,Senior,Full-Time,Data Scientist,182250,US,On-Site,US,Medium,173369
2022,Senior,Full-Time,Data Science Consultant,122000,US,On-Site,US,Medium,131972
2023,Senior,Full-Time,Data Scientist,126500,US,On-Site,US,Medium,173369
2024,Senior,Full-Time,Data Scientist,174500,US,Fully Remote,US,Medium,175703
2023,Senior,Full-Time,Machine Learning Engineer,139500,US,On-Site,US,Medium,201918
2023,Senior,Full-Time,Data Engineer,221000,US,On-Site,US,Medium,163312
2023,Senior,Full-Time,Data Scientist,201450,US,Fully Remote,US,Medium,174953
2024,Senior,Full-Time,Data Engineer,127000,CA,On-Site,CA,Medium,149704
2023,Mid-Level,Full-Time,Data Engineer,51824,FR,Fully Remote,FR,Medium,74063
2024,Senior,Full-Time,Data Scientist,123000,US,On-Site,US,Medium,171625
2023,Mid-Level,Full-Time,Data Analyst,65000,US,On-Site,US,Medium,106011
2024,Senior,Full-Time,Business Intelligence,150000,US,On-Site,US,Medium,152508
2024,Mid-Level,Full-Time,Data Engineer,92000,US,On-Site,US,Medium,137171
2024,Senior,Full-Time,Data Analytics Lead,239300,US,On-Site,US,Medium,143366
2024,Mid-Level,Full-Time,Data Engineer,98000,US,On-Site,US,Medium,137171
2024,Senior,Full-Time,Research Engineer,150000,US,On-Site,US,Medium,215335
2023,Senior,Full-Time,Machine Learning Engineer,208000,US,Fully Remote,US,Medium,188539
2023,Senior,Full-Time,Data Scientist,157500,US,Fully Remote,US,Medium,174953
2023,Senior,Full-Time,Data Engineer,180000,US,On-Site,US,Medium,163312
2023,Senior,Full-Time,Machine Learning Engineer,127876,US,On-Site,US,Medium,201918
2023,Mid-Level,Full-Time,Data Scientist,82254,CA,Fully Remote,CA,Large,122804
2022,Mid-Level,Full-Time,Data Engineer,110820,GB,On-Site,GB,Medium,82552
2024,Senior,Full-Time,Business Intelligence,175000,US,On-Site,US,Medium,152508
2023,Senior,Full-Time,Data Modeler,140000,US,On-Site,US,Medium,135577
2022,Executive,Full-Time,Analytics Engineer,157000,US,Fully Remote,US,Medium,170536
2023,Senior,Full-Time,Data Scientist,136000,US,Fully Remote,US,Medium,174953
2023,Mid-Level,Full-Time,Data Analyst,53000,US,Fully Remote,US,Medium,100557
2023,Senior,Full-Time,Data Engineer,76050,ZA,On-Site,ZA,Medium,80330
2023,Senior,Full-Time,Research Scientist,127300,US,On-Site,US,Large,204470
2024,Mid-Level,Full-Time,Robotics Engineer,90000,US,On-Site,US,Medium,108599
2022,Entry-Level,Full-Time,Data Analyst,46000,US,Fully Remote,US,Large,77434
2024,Senior,Full-Time,Data Analyst,155000,CA,On-Site,CA,Medium,130303
2023,Senior,Full-Time,Data Analyst,51962,US,Fully Remote,US,Medium,122680
2023,Senior,Full-Time,Data Engineer,138750,US,Fully Remote,US,Medium,158529
2024,Senior,Full-Time,Machine Learning Engineer,93300,EG,On-Site,EG,Medium,164730
2023,Senior,Full-Time,Research Engineer,115607,US,On-Site,US,Medium,207266
2024,Entry-Level,Full-Time,Research Analyst,250000,US,On-Site,US,Medium,130194
2023,Senior,Full-Time,Data Science Consultant,131100,US,On-Site,US,Medium,141588
2023,Senior,Full-Time,Machine Learning Engineer,212500,US,On-Site,US,Medium,201918
2024,Senior,Full-Time,Data Scientist,132000,US,On-Site,US,Medium,171625
2023,Senior,Full-Time,Data Analyst,108000,US,Fully Remote,US,Medium,122680
2023,Senior,Full-Time,Machine Learning Infrastructure Engineer,127300,US,On-Site,US,Medium,201877
2023,Senior,Full-Time,Business Intelligence Engineer,185000,US,On-Site,US,Large,149003
2023,Entry-Level,Full-Time,Data Scientist,34924,TR,On-Site,PL,Medium,41654
2024,Senior,Full-Time,Data Scientist,185400,US,On-Site,US,Medium,171625
2022,Entry-Level,Full-Time,Data Analyst,48000,US,On-Site,US,Medium,78254
2022,Mid-Level,Full-Time,Analytics Engineer,73880,GB,On-Site,GB,Medium,89857
2023,Mid-Level,Full-Time,Data Engineer,120000,US,On-Site,US,Medium,141383
2023,Senior,Full-Time,Data Scientist,211000,US,Fully Remote,US,Medium,174953
2023,Senior,Full-Time,Research Scientist,165500,US,Fully Remote,US,Medium,185963
2023,Senior,Full-Time,Machine Learning Engineer,176300,US,Fully Remote,US,Medium,188539
2023,Senior,Full-Time,Data Architect,193000,US,On-Site,US,Medium,161326
2024,Senior,Full-Time,Data Analyst,105000,US,On-Site,US,Medium,130006
2023,Senior,Full-Time,Data Engineer,146115,US,Fully Remote,US,Medium,158529
2024,Senior,Full-Time,Data Scientist,220000,US,On-Site,US,Medium,171625
2023,Senior,Full-Time,ML Engineer,220000,US,On-Site,US,Medium,206066
2024,Mid-Level,Full-Time,Data Analytics Consultant,57500,US,Fully Remote,US,Medium,112178
2024,Senior,Full-Time,Data Architect,64200,US,On-Site,US,Medium,167461
2023,Mid-Level,Full-Time,Data Engineer,112000,US,On-Site,US,Medium,141383
2023,Senior,Full-Time,Data Analyst,106020,US,On-Site,US,Medium,128320
2023,Senior,Full-Time,Data Manager,233500,US,On-Site,US,Medium,135577
2023,Senior,Full-Time,Machine Learning Engineer,194100,US,On-Site,US,Medium,201918
2023,Mid-Level,Full-Time,Business Intelligence Manager,166500,US,On-Site,US,Medium,121715
2024,Mid-Level,Full-Time,BI Analyst,70000,US,Fully Remote,US,Medium,103474
2022,Senior,Full-Time,Analytics Engineer,138750,US,Fully Remote,US,Medium,140065
2022,Mid-Level,Full-Time,Data Analyst,49253,GB,Fully Remote,GB,Medium,59296
2023,Senior,Full-Time,Business Intelligence Engineer,79600,US,On-Site,US,Large,149003
2023,Senior,Full-Time,Business Intelligence Developer,169000,US,On-Site,US,Medium,129683
2024,Senior,Full-Time,Data Engineer,62500,GB,On-Site,GB,Medium,95173
2023,Mid-Level,Full-Time,Data Engineer,185000,US,Fully Remote,US,Medium,137804
2023,Mid-Level,Full-Time,Data Engineer,184000,US,On-Site,US,Medium,141383
2023,Executive,Full-Time,Data Engineer,123471,GB,Fully Remote,GB,Medium,131571
2023,Senior,Full-Time,Machine Learning Engineer,323300,US,On-Site,US,Medium,201918
2024,Mid-Level,Full-Time,ML Engineer,110000,US,On-Site,US,Medium,158390
2023,Mid-Level,Full-Time,Data Scientist,116990,US,Fully Remote,US,Medium,141014
2024,Senior,Full-Time,Data Scientist,147500,US,Fully Remote,US,Medium,175703
2023,Senior,Full-Time,Data Engineer,132624,US,Fully Remote,US,Medium,158529
2023,Senior,Full-Time,Data Engineer,145000,US,On-Site,US,Medium,163312
2023,Senior,Full-Time,Computer Vision Engineer,351000,US,On-Site,US,Medium,199001
2023,Senior,Full-Time,Data Engineer,124740,US,On-Site,US,Medium,163312
2022,Entry-Level,Freelance,Data Analytics Consultant,50000,BE,Fully Remote,US,Small,47198
2023,Senior,Full-Time,Data Engineer,186000,US,On-Site,US,Medium,163312
2023,Senior,Full-Time,Data Engineer,252000,US,On-Site,US,Medium,163312
2024,Senior,Full-Time,Machine Learning Engineer,180000,US,On-Site,US,Medium,204712
2023,Senior,Full-Time,Data Scientist,170000,US,Fully Remote,US,Medium,174953
2024,Entry-Level,Full-Time,Research Analyst,84068,US,On-Site,US,Medium,130194
2023,Senior,Full-Time,Data Engineer,81500,US,On-Site,US,Medium,163312
2023,Senior,Full-Time,Machine Learning Engineer,240000,US,On-Site,US,Medium,201918
2023,Senior,Full-Time,Research Scientist,202350,US,On-Site,US,Medium,207266
2023,Entry-Level,Full-Time,Data Engineer,120000,US,On-Site,US,Medium,111560
2024,Senior,Full-Time,Data Engineer,173000,US,Fully Remote,US,Medium,159871
2023,Senior,Full-Time,Data Scientist,38868,ES,On-Site,ES,Medium,89159
2023,Mid-Level,Full-Time,Data Analyst,42107,DE,Hybrid,DE,Medium,65579
2023,Senior,Full-Time,Research Engineer,200000,US,On-Site,US,Medium,207266
2023,Entry-Level,Full-Time,Data Analyst,85000,US,Fully Remote,US,Medium,79277
2024,Mid-Level,Full-Time,Data Engineer,106800,US,On-Site,US,Medium,137171
2023,Senior,Full-Time,Business Intelligence Engineer,108500,US,Fully Remote,US,Medium,135285
2024,Mid-Level,Full-Time,Data Science Manager,180000,US,On-Site,US,Medium,186008
2024,Senior,Full-Time,Business Intelligence Engineer,78800,US,Fully Remote,US,Medium,131792
2023,Senior,Full-Time,Data Engineer,171250,US,On-Site,US,Medium,163312
2024,Senior,Full-Time,Analytics Engineer,132100,US,Fully Remote,US,Medium,164732
2024,Mid-Level,Full-Time,Data Engineer,143000,US,On-Site,US,Medium,137171
2023,Mid-Level,Full-Time,Research Engineer,100000,US,On-Site,US,Medium,172908
2023,Entry-Level,Full-Time,Research Scientist,252990,US,Fully Remote,US,Medium,150945
2024,Senior,Full-Time,Data Science Consultant,109000,US,On-Site,US,Medium,139605
2024,Mid-Level,Full-Time,Research Engineer,120000,US,On-Site,US,Medium,173952
2024,Senior,Full-Time,Data Scientist,200000,US,On-Site,US,Medium,171625
2023,Senior,Full-Time,Machine Learning Engineer,140000,US,On-Site,US,Medium,201918
2024,Senior,Full-Time,Data Analyst,145000,US,Fully Remote,US,Medium,129854
2023,Mid-Level,Full-Time,Data Analyst,123000,US,Fully Remote,US,Medium,100557
2024,Entry-Level,Full-Time,Data Analyst,180700,US,On-Site,US,Medium,93773
2023,Senior,Full-Time,Machine Learning Engineer,148594,US,On-Site,US,Medium,201918
2023,Senior,Full-Time,Data Architect,175000,US,Fully Remote,US,Medium,173332
2023,Senior,Full-Time,Machine Learning Engineer,165000,US,Fully Remote,US,Medium,188539
2023,Senior,Full-Time,Machine Learning Software Engineer,189000,US,On-Site,US,Medium,235770
2023,Senior,Full-Time,AI Engineer,136800,US,On-Site,US,Medium,176286
2023,Senior,Full-Time,Data Engineer,175000,US,Fully Remote,US,Medium,158529
2024,Entry-Level,Full-Time,Data Science,86900,US,On-Site,US,Medium,112868
2023,Senior,Full-Time,Data Engineer,81500,US,Fully Remote,US,Medium,158529
2023,Mid-Level,Full-Time,Data Engineer,123000,US,On-Site,US,Medium,141383
2024,Senior,Full-Time,Machine Learning Engineer,215000,US,On-Site,US,Medium,204712
2023,Mid-Level,Full-Time,Machine Learning Engineer,150000,US,On-Site,US,Medium,167075
2023,Senior,Full-Time,Machine Learning Engineer,238000,US,On-Site,US,Medium,201918
2024,Senior,Full-Time,Data Scientist,161500,US,On-Site,US,Medium,171625
2023,Mid-Level,Full-Time,Data Analyst,98873,US,On-Site,US,Medium,106011
2023,Senior,Full-Time,Data Scientist,194500,US,On-Site,US,Medium,173369
2023,Senior,Full-Time,Data Engineer,161000,US,On-Site,US,Medium,163312
2023,Senior,Full-Time,BI Data Analyst,72338,DE,Fully Remote,DE,Medium,88603
2023,Senior,Full-Time,Data Engineer,105200,US,On-Site,US,Medium,163312
2022,Senior,Full-Time,Data Engineer,300000,US,On-Site,US,Medium,153391
2023,Senior,Full-Time,Data Analytics Lead,115920,US,On-Site,US,Medium,144283
2023,Senior,Full-Time,Analytics Engineer,120000,US,On-Site,US,Medium,176399
2024,Mid-Level,Full-Time,Data Strategist,134400,US,On-Site,US,Medium,99453
2023,Senior,Full-Time,Machine Learning Scientist,180514,US,Fully Remote,US,Medium,185503
2023,Mid-Level,Full-Time,Data Manager,120000,US,On-Site,US,Medium,113649
2024,Senior,Full-Time,Machine Learning Engineer,267900,US,On-Site,US,Medium,204712
2024,Senior,Full-Time,Data Scientist,175000,US,Fully Remote,US,Medium,175703
2023,Senior,Full-Time,Data Engineer,146000,US,On-Site,US,Medium,163312
2024,Senior,Full-Time,Data Engineer,113000,US,On-Site,US,Medium,162159
2024,Senior,Full-Time,Data Scientist,111500,US,On-Site,US,Medium,171625
2023,Senior,Full-Time,Data Engineer,129300,US,On-Site,US,Medium,163312
2023,Mid-Level,Full-Time,Data Scientist,130410,US,On-Site,US,Medium,140360
2024,Mid-Level,Full-Time,Data Engineer,70000,US,On-Site,US,Medium,137171
2022,Mid-Level,Full-Time,Data Analyst,61566,GB,On-Site,GB,Medium,63844
2023,Mid-Level,Full-Time,Applied Scientist,250000,US,On-Site,US,Medium,156392
2023,Senior,Full-Time,Data Analyst,206000,US,On-Site,US,Medium,128320
2023,Senior,Full-Time,Data Analyst,122000,US,On-Site,US,Medium,128320
2023,Senior,Full-Time,Data Analyst,143520,US,On-Site,US,Medium,128320
2024,Senior,Full-Time,Machine Learning Scientist,220000,US,On-Site,US,Medium,204638
2023,Senior,Full-Time,Data Manager,100000,US,On-Site,US,Medium,135577
2023,Senior,Full-Time,ML Engineer,165400,US,On-Site,US,Medium,206066
2023,Executive,Full-Time,Data Scientist,185000,US,On-Site,US,Medium,183955
2023,Entry-Level,Full-Time,Data Analyst,50000,US,Fully Remote,US,Medium,79277
2024,Mid-Level,Full-Time,Robotics Software Engineer,198000,US,On-Site,US,Medium,180058
2023,Mid-Level,Full-Time,Analytics Engineer,700000,US,Fully Remote,US,Medium,149627
2022,Senior,Full-Time,Data Architect,63000,US,On-Site,US,Medium,151985
2023,Senior,Full-Time,Data Engineer,178500,US,Fully Remote,US,Medium,158529
2023,Executive,Full-Time,Data Scientist,228856,GB,Fully Remote,GB,Medium,138401
2023,Mid-Level,Full-Time,Data Science Lead,185900,US,On-Site,US,Medium,141065
2023,Senior,Full-Time,Data Scientist,139000,US,On-Site,US,Medium,173369
2022,Senior,Full-Time,Data Engineer,105700,US,On-Site,US,Large,153476
2023,Mid-Level,Full-Time,Data Scientist,128750,US,On-Site,US,Medium,140360
2024,Senior,Full-Time,Data Engineer,115000,US,On-Site,US,Medium,162159
2024,Senior,Full-Time,Research Scientist,151900,US,On-Site,US,Medium,215335
2024,Mid-Level,Full-Time,Analytics Engineer,221500,US,On-Site,US,Medium,148408
2023,Mid-Level,Full-Time,MLOps Engineer,124000,US,Fully Remote,US,Medium,152249
2023,Senior,Full-Time,Machine Learning Modeler,204500,US,On-Site,US,Medium,199028
2023,Senior,Full-Time,Data Engineer,167200,US,Fully Remote,US,Medium,158529
2023,Senior,Full-Time,Data Engineer,204500,US,On-Site,US,Medium,163312
2024,Executive,Full-Time,Data Analyst,62500,GB,On-Site,GB,Medium,106217
2023,Mid-Level,Full-Time,Data Engineer,69000,US,On-Site,US,Medium,141383
2023,Executive,Full-Time,Director of Data Science,201900,US,On-Site,US,Medium,265859
2023,Senior,Full-Time,Business Intelligence Developer,110600,US,On-Site,US,Medium,129683
2023,Senior,Full-Time,Data Scientist,106800,US,On-Site,US,Medium,173369
2024,Mid-Level,Full-Time,Data Science,66000,US,On-Site,US,Medium,139634
2024,Senior,Full-Time,Data Engineer,240500,US,On-Site,US,Large,160356
2023,Mid-Level,Full-Time,Analytics Engineer,116480,US,On-Site,US,Medium,150707
2022,Senior,Full-Time,Data Engineer,105200,US,On-Site,US,Medium,153391
2022,Senior,Full-Time,Data Scientist,153000,US,Fully Remote,US,Medium,163950
2023,Mid-Level,Full-Time,Machine Learning Engineer,106720,US,On-Site,US,Medium,167075
2022,Senior,Full-Time,Data Analyst,99450,US,Fully Remote,US,Medium,118871
2023,Mid-Level,Full-Time,Data Engineer,110000,FR,Fully Remote,FR,Medium,74063
2022,Senior,Full-Time,Machine Learning Engineer,164000,US,Fully Remote,US,Medium,178756
2023,Senior,Full-Time,Data Analyst,95000,US,On-Site,US,Medium,128320
2024,Senior,Full-Time,Data Lead,76075,US,On-Site,US,Medium,124308
2023,Senior,Full-Time,Data Analyst,56143,ES,Fully Remote,ES,Medium,58928
2024,Mid-Level,Full-Time,Data Analyst,149000,US,Fully Remote,US,Medium,107696
2023,Senior,Full-Time,Data Engineer,290000,US,Fully Remote,US,Medium,158529
2024,Senior,Full-Time,Data Architect,400000,US,Fully Remote,US,Medium,174675
2024,Mid-Level,Full-Time,Data Scientist,106500,US,Fully Remote,US,Medium,138704
2023,Senior,Full-Time,Machine Learning Engineer,300000,US,On-Site,US,Medium,201918
2023,Entry-Level,Full-Time,Data Analyst,105000,US,On-Site,US,Medium,86195
2023,Senior,Full-Time,Data Scientist,236160,US,Fully Remote,US,Medium,174953
2023,Senior,Full-Time,Data Engineer,121000,US,On-Site,US,Medium,163312
2022,Senior,Full-Time,Data Engineer,130000,US,On-Site,US,Medium,153391
2024,Executive,Full-Time,Data Engineer,168854,US,On-Site,US,Medium,185494
2023,Senior,Full-Time,Data Engineer,250000,US,On-Site,US,Medium,163312
2023,Mid-Level,Full-Time,Data Scientist,137500,US,On-Site,US,Medium,140360
2023,Senior,Full-Time,Machine Learning Engineer,262000,US,On-Site,US,Medium,201918
2023,Mid-Level,Full-Time,Machine Learning Software Engineer,217600,US,On-Site,US,Medium,187126
2023,Mid-Level,Full-Time,Data Engineer,70000,US,Fully Remote,US,Medium,137804
2023,Mid-Level,Full-Time,Data Scientist,147400,US,On-Site,US,Medium,140360
2023,Senior,Full-Time,Applied Scientist,164000,US,Fully Remote,US,Medium,192908
2023,Mid-Level,Full-Time,Business Intelligence Analyst,120000,US,Fully Remote,US,Medium,111857
2023,Senior,Full-Time,Research Engineer,189110,US,On-Site,US,Medium,207266
2023,Senior,Full-Time,Data Scientist,167310,US,On-Site,US,Medium,173369
2023,Senior,Full-Time,Data Scientist,167200,US,Fully Remote,US,Medium,174953
2023,Senior,Full-Time,Data Engineer,139700,US,On-Site,US,Medium,163312
2023,Senior,Full-Time,Data Scientist,70000,US,On-Site,US,Medium,173369
2024,Executive,Full-Time,Head of Machine Learning,438000,US,On-Site,US,Medium,298958
2023,Mid-Level,Full-Time,Data Analytics Manager,155000,US,On-Site,US,Medium,130332
2024,Mid-Level,Full-Time,Data Analyst,73100,US,On-Site,US,Medium,107663
2023,Senior,Full-Time,Data Scientist,185000,US,Fully Remote,US,Medium,174953
2024,Mid-Level,Full-Time,Data Engineer,61600,US,On-Site,US,Medium,137171
2024,Executive,Full-Time,Data Science,97254,US,On-Site,US,Medium,187958
2023,Mid-Level,Full-Time,Data Analyst,46426,SI,On-Site,SI,Medium,49541
2023,Mid-Level,Full-Time,Data Engineer,170000,US,Fully Remote,US,Medium,137804
2023,Senior,Full-Time,Machine Learning Modeler,142200,US,On-Site,US,Medium,199028
2024,Mid-Level,Full-Time,Data Science,120000,US,Fully Remote,US,Medium,139991
2023,Senior,Full-Time,Machine Learning Engineer,212800,US,On-Site,US,Medium,201918
2023,Senior,Full-Time,Data Scientist,150000,US,On-Site,US,Medium,173369
2023,Senior,Full-Time,Data Engineer,245000,US,On-Site,US,Medium,163312
2022,Mid-Level,Full-Time,Data Scientist,31795,IN,Fully Remote,US,Medium,56173
2023,Senior,Full-Time,Data Engineer,225000,US,Fully Remote,US,Medium,158529
2024,Mid-Level,Full-Time,Data Science,106000,US,On-Site,US,Medium,139634
2024,Senior,Full-Time,Applied Scientist,168600,US,Fully Remote,US,Medium,207614
2023,Senior,Full-Time,Data Scientist,359170,US,On-Site,US,Medium,173369
2023,Entry-Level,Full-Time,Research Analyst,47423,US,On-Site,US,Medium,101329
2023,Senior,Full-Time,Data Science Consultant,128000,US,On-Site,US,Medium,141588
2023,Senior,Full-Time,Data Engineer,126800,US,On-Site,US,Medium,163312
2023,Senior,Full-Time,Research Scientist,278700,US,On-Site,US,Medium,207266
2023,Senior,Full-Time,Data Engineer,255000,US,On-Site,US,Medium,163312
2022,Mid-Level,Full-Time,Machine Learning Infrastructure Engineer,55685,PT,Hybrid,PT,Large,45606
2024,Senior,Full-Time,Data Scientist,155000,US,On-Site,US,Medium,171625
2022,Mid-Level,Full-Time,Data Scientist,30000,MX,Fully Remote,MX,Large,56521
2022,Senior,Full-Time,Data Science Manager,200000,US,Fully Remote,US,Medium,176349
2023,Senior,Full-Time,Data Scientist,111600,US,On-Site,US,Large,171916
2023,Senior,Full-Time,Data Analyst,100000,US,On-Site,US,Medium,128320
2024,Entry-Level,Full-Time,Data Analyst,92000,US,Fully Remote,US,Medium,92098
2023,Executive,Full-Time,Data Engineer,115500,US,On-Site,US,Medium,184765
2023,Senior,Full-Time,Data Engineer,174350,US,On-Site,US,Medium,163312
2024,Senior,Full-Time,Data Scientist,152000,US,Fully Remote,US,Medium,175703
2022,Senior,Full-Time,Analytics Engineer,110000,US,Fully Remote,US,Medium,140065
2024,Mid-Level,Full-Time,Applied Scientist,136000,US,On-Site,US,Large,182960
2022,Mid-Level,Full-Time,Data Analyst,136000,US,Fully Remote,US,Medium,99636
2022,Senior,Full-Time,Machine Learning Engineer,115573,FR,Fully Remote,FR,Medium,102482
2023,Mid-Level,Full-Time,Machine Learning Engineer,116800,US,On-Site,US,Medium,167075
2023,Senior,Full-Time,Machine Learning Engineer,193600,US,On-Site,US,Medium,201918
2022,Senior,Full-Time,Data Engineer,191200,US,On-Site,US,Medium,153391
2024,Mid-Level,Full-Time,Data Scientist,188500,US,On-Site,US,Medium,135556
2024,Senior,Full-Time,Data Analyst,150000,US,On-Site,US,Medium,130006
2023,Senior,Full-Time,Data Analyst,130000,US,Fully Remote,US,Medium,122680
2024,Senior,Full-Time,Machine Learning Engineer,324000,US,On-Site,US,Medium,204712
2023,Senior,Full-Time,Data Scientist,84000,US,Fully Remote,US,Medium,174953
2023,Senior,Full-Time,Business Intelligence Engineer,125000,US,Fully Remote,US,Medium,135285
2023,Mid-Level,Full-Time,Data Operations Specialist,65000,US,On-Site,US,Medium,102664
2023,Mid-Level,Full-Time,Research Scientist,220000,US,Fully Remote,US,Medium,171266
2022,Senior,Full-Time,Applied Scientist,212800,US,Fully Remote,US,Medium,193851
2024,Senior,Full-Time,Machine Learning Engineer,310000,US,On-Site,US,Medium,204712
2023,Senior,Full-Time,Machine Learning Engineer,132600,US,On-Site,US,Medium,201918
2023,Entry-Level,Full-Time,Data Analyst,75065,US,Fully Remote,US,Medium,79277
2022,Senior,Full-Time,Data Engineer,168400,US,On-Site,US,Medium,153391
2024,Entry-Level,Full-Time,Data Analyst,109700,US,On-Site,US,Medium,93773
2023,Mid-Level,Full-Time,Data Scientist,94400,US,Fully Remote,US,Medium,141014
2024,Senior,Full-Time,Data Scientist,65333,LT,On-Site,LT,Medium,97932
2024,Entry-Level,Full-Time,Research Analyst,58400,US,On-Site,US,Medium,130194
2024,Mid-Level,Full-Time,Data Science Manager,110000,US,On-Site,US,Medium,186008
2023,Senior,Full-Time,Data Scientist,114080,US,On-Site,US,Medium,173369
2024,Mid-Level,Full-Time,Data Infrastructure Engineer,385000,US,On-Site,US,Medium,235862
2023,Senior,Full-Time,Machine Learning Engineer,241000,US,On-Site,US,Medium,201918
2024,Senior,Full-Time,Data Analyst,164000,US,On-Site,US,Medium,130006
2024,Senior,Full-Time,Research Engineer,67993,ZA,On-Site,ZA,Medium,75360
2022,Mid-Level,Full-Time,Data Scientist,60938,DE,Fully Remote,DE,Small,68859
2023,Executive,Full-Time,Director of Data Science,336400,US,On-Site,US,Medium,265859
2023,Senior,Full-Time,Data Manager,169000,US,On-Site,US,Medium,135577
2023,Senior,Full-Time,Research Engineer,308000,US,On-Site,US,Medium,207266
2023,Senior,Full-Time,Computer Vision Engineer,210000,GB,On-Site,GB,Medium,147018
2023,Entry-Level,Full-Time,Data Engineer,135000,US,On-Site,US,Medium,111560
2024,Senior,Full-Time,Data Engineer,145000,US,On-Site,US,Medium,162159
2023,Mid-Level,Full-Time,Machine Learning Engineer,200000,GB,On-Site,GB,Medium,116248
2022,Senior,Full-Time,Data Analyst,169000,US,On-Site,US,Medium,118314
2023,Mid-Level,Full-Time,Data Scientist,105000,US,On-Site,US,Medium,140360
2023,Mid-Level,Full-Time,Data Engineer,95000,ES,Fully Remote,ES,Medium,59730
2024,Mid-Level,Full-Time,Data Engineer,205600,US,On-Site,US,Large,135368
2022,Senior,Full-Time,Data Engineer,110000,US,Fully Remote,US,Medium,157016
2023,Senior,Full-Time,Machine Learning Engineer,123800,US,Fully Remote,US,Medium,188539
2023,Mid-Level,Full-Time,Data Specialist,85000,US,On-Site,US,Medium,103265
2023,Senior,Full-Time,Data Architect,110000,US,Fully Remote,US,Medium,173332
2023,Senior,Full-Time,Machine Learning Engineer,247500,US,On-Site,US,Medium,201918
2024,Entry-Level,Full-Time,Data Analyst,120000,US,On-Site,US,Medium,93773
2023,Senior,Full-Time,Machine Learning Engineer,166600,US,On-Site,US,Medium,201918
2023,Senior,Full-Time,Applied Scientist,350000,US,On-Site,US,Large,223259
2023,Senior,Full-Time,Data Manager,48000,CO,On-Site,CO,Medium,66701
2024,Senior,Full-Time,Data Scientist,96750,US,On-Site,US,Medium,171625
2024,Senior,Full-Time,Data Engineer,95325,US,On-Site,US,Medium,162159
2024,Senior,Full-Time,BI Analyst,130000,US,On-Site,US,Medium,129585
2024,Mid-Level,Full-Time,Business Intelligence Engineer,185000,US,On-Site,US,Large,126816
2023,Mid-Level,Full-Time,Data Engineer,106500,US,On-Site,US,Medium,141383
2024,Senior,Full-Time,Data Analyst,140000,US,On-Site,US,Medium,130006
2023,Mid-Level,Full-Time,Data Analyst,75000,US,On-Site,US,Medium,106011
2023,Senior,Full-Time,ML Engineer,145000,US,Fully Remote,US,Medium,208784
2023,Entry-Level,Full-Time,Data Scientist,73100,US,Fully Remote,US,Medium,113108
2024,Senior,Full-Time,Data Science,140000,US,On-Site,US,Medium,164623
2024,Mid-Level,Full-Time,Data Specialist,112500,US,Fully Remote,US,Medium,114982
2023,Senior,Full-Time,Machine Learning Engineer,296400,US,On-Site,US,Medium,201918
2024,Senior,Full-Time,Data Scientist,226500,US,Fully Remote,US,Medium,175703
2024,Senior,Full-Time,Business Intelligence Developer,144138,US,On-Site,US,Medium,128530
2022,Mid-Level,Full-Time,Data Engineer,80000,US,On-Site,US,Medium,135676
2023,Senior,Full-Time,Data Engineer,225000,US,On-Site,US,Medium,163312
2023,Senior,Full-Time,Data Scientist,156560,US,On-Site,US,Medium,173369
2023,Entry-Level,Full-Time,Data Analyst,26992,GR,Fully Remote,GB,Small,33671
2023,Senior,Full-Time,Machine Learning Engineer,225000,FR,On-Site,FR,Medium,160333
2023,Mid-Level,Full-Time,Data Visualization Specialist,90300,US,On-Site,US,Medium,130050
2023,Senior,Full-Time,ML Engineer,270000,US,Fully Remote,US,Medium,208784
2024,Senior,Full-Time,Machine Learning Engineer,414000,US,On-Site,US,Medium,204712
2023,Senior,Full-Time,AI Engineer,142352,US,On-Site,US,Medium,176286
2022,Senior,Full-Time,Machine Learning Engineer,248700,US,On-Site,US,Medium,176778
2023,Entry-Level,Full-Time,Business Intelligence Analyst,85000,US,On-Site,US,Medium,97495
2024,Senior,Full-Time,Data Scientist,155000,US,Fully Remote,US,Medium,175703
2023,Mid-Level,Full-Time,Data Analyst,60000,US,Fully Remote,US,Medium,100557
2024,Senior,Full-Time,Prompt Engineer,140000,US,On-Site,US,Medium,180531
2024,Senior,Full-Time,Data Scientist,168000,US,On-Site,US,Medium,171625
2023,Senior,Full-Time,Data Engineer,125000,US,On-Site,US,Medium,163312
2024,Mid-Level,Full-Time,Data Scientist,68400,US,On-Site,US,Medium,135556
2023,Senior,Full-Time,Machine Learning Engineer,200000,US,On-Site,US,Medium,201918
2024,Mid-Level,Full-Time,Data Engineer,80000,US,On-Site,US,Medium,137171
2022,Senior,Full-Time,Applied Scientist,184000,US,Fully Remote,US,Medium,193851
2022,Senior,Full-Time,Data Analyst,70000,US,On-Site,US,Medium,118314
2023,Mid-Level,Full-Time,Data Analyst,166000,US,On-Site,US,Medium,106011
2022,Senior,Contract,Data Analyst,90000,US,Fully Remote,US,Medium,94820
2024,Senior,Full-Time,Data Engineer,68750,GB,On-Site,GB,Medium,95173
2023,Senior,Full-Time,Data Science,245000,US,On-Site,US,Medium,157751
2022,Mid-Level,Full-Time,Data Analyst,100000,US,On-Site,US,Medium,99720
2023,Senior,Full-Time,Data Analyst,137500,US,On-Site,US,Medium,128320
2022,Executive,Full-Time,Analytics Engineer,210000,US,Fully Remote,US,Medium,170536
2023,Senior,Full-Time,Data Engineer,80000,US,On-Site,US,Medium,163312
2024,Mid-Level,Full-Time,Data Scientist,120000,US,On-Site,US,Medium,135556
2024,Entry-Level,Full-Time,Data Science Analyst,64000,US,On-Site,US,Medium,87050
2024,Executive,Full-Time,Director of Data Science,225000,US,On-Site,US,Medium,253396
2023,Senior,Full-Time,Data Analyst,138860,US,On-Site,US,Medium,128320
2022,Senior,Full-Time,Data Engineer,63000,US,Fully Remote,US,Medium,157016
2021,Senior,Full-Time,Data Scientist,54094,IN,Fully Remote,IN,Large,64912
2023,Mid-Level,Full-Time,Data Engineer,162500,US,On-Site,US,Medium,141383
2024,Senior,Full-Time,Data Modeler,74300,US,On-Site,US,Medium,138041
2023,Senior,Full-Time,Machine Learning Engineer,190000,US,Fully Remote,US,Medium,188539
2024,Senior,Full-Time,Analytics Engineer,136000,US,Fully Remote,US,Medium,164732
2023,Senior,Full-Time,Machine Learning Infrastructure Engineer,235000,US,Fully Remote,US,Medium,186849
2023,Senior,Full-Time,Data Engineer,205600,US,On-Site,US,Large,163396
2024,Mid-Level,Full-Time,Data Engineer,270250,US,On-Site,US,Medium,137171
2024,Mid-Level,Full-Time,Research Engineer,245000,US,On-Site,US,Medium,173952
2023,Senior,Full-Time,Data Engineer,167500,US,On-Site,US,Medium,163312
2024,Senior,Full-Time,Computational Biologist,174000,US,On-Site,US,Medium,175091
2024,Senior,Full-Time,Data Analyst,115000,US,On-Site,US,Medium,130006
2024,Senior,Full-Time,Analytics Engineer,136675,US,Fully Remote,US,Medium,164732
2024,Mid-Level,Full-Time,Research Scientist,295000,US,On-Site,US,Medium,178672
2023,Senior,Full-Time,Data Engineer,163625,US,Fully Remote,US,Medium,158529
2024,Senior,Full-Time,Data Engineer,146266,US,On-Site,US,Medium,162159
2023,Senior,Full-Time,Applied Scientist,220000,US,Fully Remote,US,Medium,192908
2023,Mid-Level,Full-Time,AWS Data Architect,258000,US,Fully Remote,US,Large,247899
2022,Senior,Full-Time,Data Engineer,229998,US,On-Site,US,Large,153476
2023,Senior,Full-Time,Data Architect,125600,US,On-Site,US,Medium,161326
2023,Entry-Level,Full-Time,BI Data Engineer,60000,US,Fully Remote,US,Medium,78619
2023,Senior,Full-Time,Data Scientist,118000,US,Fully Remote,US,Medium,174953
2023,Senior,Full-Time,Data Engineer,44051,EE,On-Site,EE,Medium,70394
2023,Senior,Full-Time,Data Engineer,46565,PL,Fully Remote,PL,Large,76307
2023,Senior,Full-Time,Data Engineer,155000,US,On-Site,US,Medium,163312
2023,Senior,Full-Time,Analytics Engineer,160000,US,Fully Remote,US,Medium,165674
2024,Executive,Full-Time,Business Intelligence,155000,CA,On-Site,CA,Medium,178465
2024,Entry-Level,Full-Time,Data Management Analyst,80000,US,Fully Remote,US,Medium,81970
2024,Mid-Level,Full-Time,Analytics Engineer,75000,US,Fully Remote,US,Medium,146437
2024,Mid-Level,Full-Time,Data Scientist,135000,US,On-Site,US,Medium,135556
2024,Senior,Full-Time,Data Engineer,61875,GB,On-Site,GB,Medium,95173
2024,Entry-Level,Full-Time,Data Analyst,85500,US,Fully Remote,US,Medium,92098
2023,Senior,Full-Time,Data Science Practitioner,198800,US,On-Site,US,Medium,168735
2023,Mid-Level,Full-Time,Data Engineer,99000,US,On-Site,US,Medium,141383
2023,Senior,Full-Time,Data Science,70000,US,On-Site,US,Medium,157751
2023,Senior,Full-Time,Data Scientist,224250,US,On-Site,US,Medium,173369
2023,Senior,Full-Time,Data Engineer,78000,US,On-Site,US,Medium,163312
2024,Senior,Full-Time,Data Scientist,195000,US,On-Site,US,Medium,171625
2023,Mid-Level,Full-Time,Data Quality Analyst,65000,US,Fully Remote,US,Medium,97244
2023,Senior,Full-Time,Data Scientist,210000,US,Fully Remote,US,Medium,174953
2023,Senior,Full-Time,Data Analyst,145000,US,On-Site,US,Medium,128320
2023,Senior,Full-Time,Data Engineer,226700,US,On-Site,US,Medium,163312
2023,Mid-Level,Full-Time,Data Analytics Manager,177000,US,On-Site,US,Medium,130332
2023,Senior,Full-Time,Research Engineer,130000,US,On-Site,US,Medium,207266
2023,Senior,Full-Time,Data Engineer,136994,US,Fully Remote,US,Medium,158529
2024,Senior,Full-Time,Machine Learning Engineer,125000,US,On-Site,US,Medium,204712
2023,Senior,Full-Time,Machine Learning Scientist,108308,US,Fully Remote,US,Medium,185503
2023,Senior,Full-Time,Data Scientist,109000,US,On-Site,US,Medium,173369
2023,Senior,Full-Time,Machine Learning Scientist,165000,US,Fully Remote,US,Medium,185503
2023,Senior,Full-Time,Research Engineer,266450,US,On-Site,US,Medium,207266
2024,Mid-Level,Full-Time,Data Scientist,73100,US,On-Site,US,Medium,135556
2024,Senior,Full-Time,Machine Learning Engineer,240200,GB,Fully Remote,GB,Medium,139371
2023,Senior,Full-Time,Data Scientist,208500,US,On-Site,US,Medium,173369
2023,Senior,Full-Time,Data Scientist,156400,US,On-Site,US,Medium,173369
2023,Senior,Full-Time,Data Analyst,90000,US,Fully Remote,US,Medium,122680
2022,Mid-Level,Full-Time,Data Engineer,84053,GR,Fully Remote,GR,Medium,62052
2023,Senior,Full-Time,Decision Scientist,182500,US,Fully Remote,US,Medium,181892
2022,Mid-Level,Full-Time,Machine Learning Engineer,84053,FR,Fully Remote,DE,Medium,78453
2024,Executive,Full-Time,Data Engineer,268500,CA,On-Site,CA,Medium,200624
2023,Senior,Full-Time,Data Engineer,172800,US,On-Site,US,Medium,163312
2023,Senior,Full-Time,Data Engineer,176000,US,On-Site,US,Medium,163312
2022,Senior,Full-Time,Data Engineer,167500,US,On-Site,US,Medium,153391
2023,Senior,Full-Time,Machine Learning Engineer,297300,US,Fully Remote,US,Medium,188539
2022,Senior,Full-Time,Data Engineer,129300,US,On-Site,US,Medium,153391
2023,Mid-Level,Full-Time,Data Analyst,67672,GB,On-Site,GB,Medium,70536
2023,Mid-Level,Full-Time,Data Analyst,65000,US,Fully Remote,US,Medium,100557
2024,Senior,Full-Time,Data Scientist,187000,US,On-Site,US,Medium,171625
2023,Entry-Level,Full-Time,Data Engineer,85000,US,On-Site,US,Medium,111560
2023,Senior,Full-Time,Research Scientist,204500,US,On-Site,US,Medium,207266
2023,Senior,Full-Time,AI Engineer,95325,US,On-Site,US,Medium,176286
2023,Senior,Full-Time,Data Analyst,186600,US,Fully Remote,US,Medium,122680
2024,Senior,Full-Time,AI Engineer,140000,US,Fully Remote,US,Medium,159907
2023,Senior,Full-Time,Data Engineer,129000,US,On-Site,US,Medium,163312
2023,Senior,Full-Time,Data Engineer,145000,US,Fully Remote,US,Medium,158529
2024,Senior,Full-Time,Analytics Engineer,66250,GB,On-Site,GB,Medium,138528
2022,Entry-Level,Full-Time,Data Engineer,65000,US,On-Site,US,Medium,105012
2023,Mid-Level,Full-Time,Data Scientist,90000,US,On-Site,US,Medium,140360
2024,Mid-Level,Full-Time,Applied Scientist,250000,US,On-Site,US,Medium,169224
2024,Senior,Full-Time,Machine Learning Engineer,119786,CA,Fully Remote,CA,Medium,168571
2023,Entry-Level,Full-Time,Data Analyst,83000,US,On-Site,US,Medium,86195
2024,Senior,Full-Time,Data Engineer,195000,US,Fully Remote,US,Medium,159871
2023,Executive,Full-Time,Data Manager,70000,US,On-Site,US,Medium,157030
2023,Entry-Level,Full-Time,Research Scientist,150000,US,On-Site,US,Medium,159559
2023,Senior,Full-Time,Data Engineer,60000,BR,Fully Remote,BR,Medium,80239
2023,Senior,Full-Time,Data Engineer,245000,US,Fully Remote,US,Medium,158529
2022,Mid-Level,Full-Time,Data Manager,98000,US,On-Site,US,Medium,110751
2023,Senior,Full-Time,Data Engineer,115000,US,On-Site,US,Medium,163312
2024,Mid-Level,Full-Time,Data Engineer,66666,DE,On-Site,DE,Large,84210
2023,Entry-Level,Full-Time,Data Science Engineer,104024,CH,Hybrid,CH,Small,62445
2023,Mid-Level,Full-Time,Data Engineer,57700,US,On-Site,US,Medium,141383
2024,Senior,Full-Time,Data Scientist,135000,US,Fully Remote,US,Medium,175703
2023,Senior,Full-Time,Data Scientist,73100,US,On-Site,US,Medium,173369
2023,Senior,Full-Time,Machine Learning Infrastructure Engineer,221000,US,On-Site,US,Medium,201877
2022,Senior,Full-Time,Data Engineer,188100,US,On-Site,US,Medium,153391
2023,Mid-Level,Full-Time,Data Scientist,115360,US,Fully Remote,US,Medium,141014
2023,Entry-Level,Full-Time,Data Analyst,67672,GB,On-Site,GB,Medium,53627
2023,Senior,Full-Time,Data Analyst,192500,US,Fully Remote,US,Medium,122680
2024,Entry-Level,Full-Time,Data Analyst,71000,US,On-Site,US,Medium,93773
2023,Senior,Full-Time,Business Intelligence Engineer,110200,US,Fully Remote,US,Medium,135285
2024,Senior,Full-Time,Research Scientist,303050,US,On-Site,US,Medium,215335
2023,Mid-Level,Full-Time,Data Manager,63000,US,On-Site,US,Large,113733
2023,Senior,Full-Time,Business Intelligence Engineer,155000,US,Fully Remote,US,Medium,135285
2023,Senior,Full-Time,Data Engineer,145000,CA,Fully Remote,CA,Medium,153416
2023,Senior,Full-Time,Analytics Engineer,221300,US,Fully Remote,US,Medium,165674
2024,Mid-Level,Full-Time,Data Engineer,58300,US,On-Site,US,Medium,137171
2022,Senior,Full-Time,Data Architect,235000,US,Fully Remote,US,Medium,172398
2023,Senior,Full-Time,Data Engineer,132300,US,On-Site,US,Medium,163312
2024,Mid-Level,Full-Time,Data Integration Engineer,100000,US,On-Site,US,Medium,117812
2024,Mid-Level,Full-Time,Machine Learning Engineer,93333,DE,Fully Remote,DE,Medium,92968
2024,Senior,Full-Time,Machine Learning Engineer,210000,US,On-Site,US,Medium,204712
2023,Senior,Full-Time,Data Scientist,161000,US,On-Site,US,Medium,173369
2022,Senior,Full-Time,Business Data Analyst,100000,US,Fully Remote,US,Large,131036
2024,Entry-Level,Full-Time,Data Analyst,120000,US,Fully Remote,US,Medium,92098
2024,Senior,Full-Time,Machine Learning Engineer,142000,US,On-Site,US,Medium,204712
2024,Senior,Full-Time,Data Engineer,316900,US,On-Site,US,Medium,162159
2024,Entry-Level,Full-Time,Data Science,132000,US,On-Site,US,Medium,112868
2022,Mid-Level,Full-Time,Data Analytics Manager,155000,US,On-Site,US,Medium,124995
2024,Senior,Full-Time,Data Scientist,84500,US,On-Site,US,Medium,171625
2023,Senior,Full-Time,Data Scientist,181500,US,On-Site,US,Medium,173369
2023,Mid-Level,Full-Time,Data Analyst,150000,US,On-Site,US,Medium,106011
2024,Senior,Full-Time,Data Engineer,150000,US,Fully Remote,US,Medium,159871
2023,Senior,Full-Time,Data Manager,120000,US,On-Site,US,Medium,135577
2024,Entry-Level,Full-Time,Data Analyst,57300,US,On-Site,US,Medium,93773
2023,Senior,Full-Time,Data Engineer,175000,US,On-Site,US,Medium,163312
2023,Senior,Full-Time,Data Scientist,105000,US,On-Site,US,Medium,173369
2023,Senior,Full-Time,Data Scientist,223800,US,On-Site,US,Medium,173369
2023,Mid-Level,Full-Time,Data Scientist,86128,GB,On-Site,GB,Medium,91460
2023,Entry-Level,Full-Time,Data Engineer,41027,ES,Fully Remote,ES,Large,37461
2022,Senior,Full-Time,Data Engineer,178800,US,Fully Remote,US,Large,159676
2023,Senior,Full-Time,Data Manager,80000,US,On-Site,US,Medium,135577
2023,Senior,Full-Time,Data Scientist,192000,US,On-Site,US,Medium,173369
2023,Senior,Full-Time,Data Science Manager,191765,US,On-Site,US,Medium,223501
2024,Senior,Full-Time,Data Engineer,260000,US,On-Site,US,Medium,162159
2023,Entry-Level,Full-Time,Research Scientist,167200,US,On-Site,US,Medium,159559
2023,Senior,Full-Time,Research Engineer,80000,US,On-Site,US,Medium,207266
2023,Senior,Full-Time,Machine Learning Engineer,208450,US,On-Site,US,Medium,201918
2022,Senior,Full-Time,ML Engineer,243000,US,Fully Remote,US,Medium,199001
2023,Executive,Full-Time,Head of Data,115000,BR,Fully Remote,BR,Medium,118611
2024,Mid-Level,Full-Time,Data Analytics Manager,178250,US,Fully Remote,US,Medium,134571
2023,Mid-Level,Full-Time,Data Engineer,105000,US,On-Site,US,Medium,141383
2022,Senior,Full-Time,Data Analyst,120000,US,On-Site,US,Medium,118314
2022,Mid-Level,Full-Time,Data Engineer,187000,US,Fully Remote,US,Medium,138127
2024,Entry-Level,Full-Time,Research Analyst,150000,US,On-Site,US,Medium,130194
2023,Mid-Level,Full-Time,Data Engineer,214300,US,On-Site,US,Medium,141383
2023,Mid-Level,Full-Time,Machine Learning Engineer,220000,US,On-Site,US,Medium,167075
2023,Mid-Level,Full-Time,BI Data Analyst,70000,EG,Fully Remote,US,Medium,66806
2022,Senior,Full-Time,Data Scientist,140000,US,On-Site,US,Medium,152924
2023,Senior,Full-Time,ML Engineer,291500,US,On-Site,US,Medium,206066
2023,Mid-Level,Full-Time,Data Engineer,185900,US,On-Site,US,Medium,141383
2023,Senior,Full-Time,Data Analyst,138900,US,On-Site,US,Medium,128320
2024,Mid-Level,Full-Time,Data Scientist,145580,US,Fully Remote,US,Medium,138704
2023,Senior,Full-Time,NLP Engineer,61541,IT,Fully Remote,IT,Medium,86023
2024,Mid-Level,Full-Time,Data Engineer,58400,US,On-Site,US,Medium,137171
2023,Senior,Full-Time,Research Engineer,176000,US,Fully Remote,US,Medium,185963
2023,Mid-Level,Full-Time,Data Analyst,61200,US,On-Site,US,Medium,106011
2023,Senior,Full-Time,Data Scientist,129300,US,On-Site,US,Medium,173369
2023,Senior,Full-Time,Data Scientist,120160,US,Fully Remote,US,Medium,174953
2024,Senior,Full-Time,Business Intelligence Engineer,106300,US,On-Site,US,Medium,141312
2023,Senior,Full-Time,Data Strategist,90000,CA,On-Site,CA,Medium,118283
2023,Senior,Full-Time,Business Intelligence Engineer,175000,US,On-Site,US,Medium,142464
2023,Senior,Full-Time,Data Engineer,185000,US,On-Site,US,Medium,163312
2024,Mid-Level,Full-Time,Machine Learning Engineer,96411,US,Fully Remote,US,Medium,159909
2024,Entry-Level,Full-Time,Data Analyst,90000,US,Fully Remote,US,Medium,92098
2023,Senior,Full-Time,Research Scientist,151800,US,On-Site,US,Medium,207266
2023,Senior,Full-Time,Data Engineer,95000,US,Fully Remote,US,Medium,158529
2024,Senior,Full-Time,Data Engineer,65000,GB,Fully Remote,GB,Medium,93518
2023,Mid-Level,Full-Time,Data Engineer,180000,US,Fully Remote,US,Medium,137804
2023,Senior,Full-Time,Data Analyst,123040,GB,On-Site,GB,Medium,91001
2023,Senior,Full-Time,Data Analyst,95000,US,Fully Remote,US,Medium,122680
2024,Senior,Full-Time,Data Engineer,211511,CA,On-Site,CA,Medium,149704
2023,Mid-Level,Full-Time,Data Analyst,250000,US,On-Site,US,Medium,106011
2023,Senior,Full-Time,Research Engineer,152000,US,On-Site,US,Medium,207266
2023,Senior,Full-Time,Data Analyst,75000,US,Fully Remote,US,Medium,122680
2023,Senior,Full-Time,Machine Learning Engineer,324000,US,On-Site,US,Medium,201918
2023,Senior,Full-Time,Machine Learning Engineer,250000,US,Fully Remote,US,Medium,188539
2023,Mid-Level,Full-Time,Data Engineer,70179,FR,Fully Remote,FR,Medium,74063
2023,Senior,Full-Time,Machine Learning Engineer,267720,US,On-Site,US,Medium,201918
2023,Senior,Full-Time,Data Analyst,118000,US,Fully Remote,US,Medium,122680
2023,Senior,Full-Time,Data Analyst,102000,US,Fully Remote,US,Medium,122680
2023,Senior,Full-Time,Data Analyst,112000,US,Fully Remote,US,Medium,122680
2024,Senior,Full-Time,Data Science,267900,US,On-Site,US,Medium,164623
2024,Mid-Level,Full-Time,Machine Learning Engineer,210100,US,On-Site,US,Medium,165956
2024,Senior,Full-Time,Business Intelligence Engineer,130000,US,On-Site,US,Medium,141312
2023,Mid-Level,Full-Time,Data Scientist,95490,US,On-Site,US,Medium,140360
2023,Entry-Level,Full-Time,Data Engineer,90000,US,Hybrid,CA,Large,102093
2022,Entry-Level,Full-Time,BI Data Analyst,60938,DE,On-Site,DE,Large,54628
2024,Mid-Level,Full-Time,Data Scientist,144200,US,Fully Remote,US,Medium,138704
2023,Senior,Full-Time,Data Engineer,171500,US,On-Site,US,Medium,163312
2023,Mid-Level,Full-Time,Business Intelligence Engineer,79600,US,On-Site,US,Large,128255
2023,Senior,Full-Time,Data Analyst,51962,US,On-Site,US,Medium,128320
2023,Senior,Full-Time,Data Engineer,185000,US,Fully Remote,US,Medium,158529
2023,Senior,Full-Time,Data Engineer,131000,US,On-Site,US,Medium,163312
2022,Entry-Level,Full-Time,Product Data Analyst,100000,US,Fully Remote,US,Medium,102409
2023,Senior,Full-Time,Data Analyst,126500,US,On-Site,US,Medium,128320
2024,Senior,Full-Time,Data Engineer,94000,US,On-Site,US,Medium,162159
2024,Senior,Full-Time,Analytics Engineer,140000,US,Fully Remote,US,Medium,164732
2024,Mid-Level,Full-Time,Data Scientist,90700,US,On-Site,US,Medium,135556
2023,Senior,Full-Time,Data Analyst,180400,US,On-Site,US,Medium,128320
2023,Mid-Level,Full-Time,Data Engineer,105700,US,On-Site,US,Large,141468
2023,Senior,Full-Time,Data Scientist,63701,CY,Hybrid,EE,Large,103910
2023,Senior,Full-Time,ML Engineer,150000,US,On-Site,US,Medium,206066
2023,Mid-Level,Full-Time,Data Analyst,57800,US,Fully Remote,US,Medium,100557
2024,Senior,Full-Time,Data Scientist,72500,US,On-Site,US,Medium,171625
2023,Senior,Full-Time,Analytics Engineer,116000,US,Fully Remote,US,Medium,165674
2023,Executive,Full-Time,Head of Data,110736,GB,Fully Remote,GB,Medium,144721
2024,Senior,Full-Time,AI Engineer,170000,US,Fully Remote,US,Medium,159907
2023,Senior,Full-Time,Data Analyst,86600,US,Fully Remote,US,Medium,122680
2024,Senior,Full-Time,Data Scientist,94400,US,Fully Remote,US,Medium,175703
2023,Senior,Full-Time,AI Engineer,150000,US,Fully Remote,US,Medium,167112
2024,Senior,Full-Time,Data Engineer,100000,US,Fully Remote,US,Medium,159871
2024,Mid-Level,Full-Time,Data Analyst,77000,US,On-Site,US,Medium,107663
2023,Senior,Full-Time,Data Scientist,287500,US,On-Site,US,Medium,173369
2023,Mid-Level,Full-Time,Data Manager,65000,US,Fully Remote,US,Medium,96498
2024,Senior,Full-Time,Research Engineer,600000,US,On-Site,US,Medium,215335
2024,Senior,Full-Time,Applied Scientist,260000,US,On-Site,US,Large,216702
2024,Senior,Full-Time,Data Engineer,190000,US,Fully Remote,US,Medium,159871
2024,Senior,Full-Time,AI Engineer,85000,US,Fully Remote,US,Medium,159907
2023,Senior,Full-Time,Data Engineer,288000,US,Fully Remote,US,Medium,158529
2024,Entry-Level,Full-Time,Data Science,37120,US,On-Site,US,Medium,112868
2023,Senior,Full-Time,Machine Learning Engineer,98500,US,On-Site,US,Medium,201918
2024,Senior,Full-Time,Data Scientist,180000,US,On-Site,US,Medium,171625
2024,Mid-Level,Full-Time,BI Developer,154800,US,On-Site,US,Medium,110038
2023,Senior,Full-Time,Data Scientist,316000,US,On-Site,US,Medium,173369
2023,Senior,Full-Time,Data Engineer,132192,US,Fully Remote,US,Medium,158529
2023,Senior,Full-Time,Data Engineer,190000,US,On-Site,US,Medium,163312
2022,Senior,Full-Time,Cloud Database Engineer,190000,US,Fully Remote,US,Medium,143571
2023,Senior,Full-Time,Machine Learning Engineer,205000,US,On-Site,US,Medium,201918
2023,Senior,Full-Time,Applied Scientist,118500,US,On-Site,US,Medium,186452
2023,Entry-Level,Full-Time,Big Data Engineer,130000,SE,Fully Remote,SE,Small,88583
2023,Mid-Level,Full-Time,Data Analyst,128000,US,On-Site,US,Medium,106011
2024,Mid-Level,Full-Time,Data Scientist,243800,US,Fully Remote,US,Medium,138704
2023,Mid-Level,Full-Time,Data Analyst,61520,GB,On-Site,GB,Medium,70536
2023,Senior,Full-Time,Data Engineer,62433,IT,Fully Remote,IT,Medium,73583
2023,Senior,Full-Time,Data Engineer,178600,US,On-Site,US,Medium,163312
2023,Senior,Full-Time,Data Engineer,75000,US,On-Site,US,Medium,163312
2024,Senior,Full-Time,Data Analyst,80000,US,On-Site,US,Medium,130006
2022,Mid-Level,Full-Time,Data Engineer,63040,ES,Fully Remote,ES,Medium,59736
2024,Mid-Level,Full-Time,Data Scientist,125000,US,On-Site,US,Medium,135556
2023,Senior,Full-Time,Data Scientist,203920,US,On-Site,US,Medium,173369
2023,Senior,Full-Time,Data Engineer,87570,US,On-Site,US,Medium,163312
2024,Entry-Level,Full-Time,Data Scientist,47840,US,On-Site,US,Medium,108461
2024,Senior,Full-Time,Data Scientist,231000,US,Fully Remote,US,Medium,175703
2023,Executive,Full-Time,Director of Data Science,375500,US,Fully Remote,US,Medium,280548
2023,Mid-Level,Full-Time,Data Science Consultant,90000,US,On-Site,US,Medium,119660
2023,Senior,Full-Time,Machine Learning Engineer,164000,US,Fully Remote,US,Medium,188539
2023,Senior,Full-Time,Machine Learning Engineer,275000,US,On-Site,US,Medium,201918
2023,Senior,Full-Time,Research Engineer,157250,US,Fully Remote,US,Medium,185963
2022,Senior,Full-Time,Data Specialist,148700,US,Fully Remote,US,Large,139662
2024,Mid-Level,Full-Time,Data Science Consultant,160000,US,Fully Remote,US,Medium,114973
2023,Mid-Level,Full-Time,Research Engineer,155000,US,On-Site,US,Medium,172908
2023,Mid-Level,Full-Time,Machine Learning Engineer,200000,US,On-Site,US,Medium,167075
2022,Mid-Level,Contract,Applied Machine Learning Scientist,97712,IT,Fully Remote,NL,Large,92902
2023,Senior,Full-Time,Data Scientist,197000,US,Fully Remote,US,Medium,174953
2024,Senior,Full-Time,Data Scientist,106605,US,On-Site,US,Medium,171625
2024,Mid-Level,Full-Time,Data Scientist,171240,US,On-Site,US,Medium,135556
2022,Senior,Full-Time,Data Engineer,175000,US,On-Site,US,Medium,153391
2023,Mid-Level,Full-Time,Machine Learning Engineer,125000,US,Fully Remote,US,Medium,155230
2024,Mid-Level,Full-Time,Data Manager,71500,US,Fully Remote,US,Medium,98397
2023,Entry-Level,Full-Time,Data Engineer,43064,GB,Fully Remote,GB,Medium,62545
2022,Mid-Level,Full-Time,Machine Learning Developer,76814,CA,Fully Remote,CA,Medium,99076
2024,Senior,Full-Time,Machine Learning Engineer,212500,US,On-Site,US,Medium,204712
2023,Senior,Full-Time,Research Scientist,273400,US,On-Site,US,Medium,207266
2023,Senior,Full-Time,Data Scientist,275500,US,On-Site,US,Medium,173369
2023,Mid-Level,Full-Time,Analytics Engineer,100000,US,On-Site,US,Medium,150707
2023,Mid-Level,Full-Time,Data Analyst,111000,US,On-Site,US,Medium,106011
2023,Executive,Full-Time,Head of Data Science,230000,US,On-Site,US,Medium,217967
2023,Mid-Level,Full-Time,Business Intelligence Engineer,42030,GB,On-Site,GB,Medium,75139
2023,Mid-Level,Full-Time,Business Intelligence Developer,140000,US,Fully Remote,US,Medium,103479
2022,Mid-Level,Full-Time,MLOps Engineer,124000,US,Fully Remote,US,Medium,149696
2022,Senior,Full-Time,Data Engineer,95000,US,On-Site,US,Medium,153391
2024,Senior,Full-Time,Data Analyst,102000,US,On-Site,US,Medium,130006
2023,Senior,Full-Time,Data Engineer,224500,US,On-Site,US,Medium,163312
2024,Senior,Full-Time,Data Scientist,150000,US,Fully Remote,US,Medium,175703
2024,Senior,Full-Time,Analytics Engineer,145000,US,Fully Remote,US,Medium,164732
2023,Entry-Level,Full-Time,Data Analyst,80000,US,On-Site,US,Medium,86195
2023,Senior,Full-Time,Data Engineer,126800,US,Fully Remote,US,Medium,158529
2024,Senior,Full-Time,AI Architect,173000,US,On-Site,US,Medium,181673
2023,Senior,Full-Time,Data Architect,67200,US,On-Site,US,Medium,161326
2024,Executive,Full-Time,Data Analyst,68750,GB,On-Site,GB,Medium,106217
2023,Senior,Full-Time,Data Analyst,133300,US,Fully Remote,US,Medium,122680
2024,Entry-Level,Full-Time,Data Analyst,90000,US,On-Site,US,Medium,93773
2023,Senior,Full-Time,Data Scientist,146000,US,On-Site,US,Medium,173369
2023,Mid-Level,Full-Time,Data Architect,90000,US,Fully Remote,US,Medium,150650
2024,Senior,Full-Time,Machine Learning Engineer,172200,US,On-Site,US,Medium,204712
2023,Mid-Level,Full-Time,Financial Data Analyst,130000,US,Fully Remote,US,Large,184377
2022,Senior,Full-Time,Data Scientist,179400,US,Fully Remote,US,Medium,163950
2024,Senior,Full-Time,Research Scientist,159300,US,On-Site,US,Medium,215335
2022,Entry-Level,Full-Time,Machine Learning Engineer,55410,GB,Fully Remote,GB,Small,55975
2023,Senior,Full-Time,Data Scientist,142200,US,On-Site,US,Medium,173369
2023,Senior,Full-Time,Data Analyst,128000,US,On-Site,US,Medium,128320
2023,Senior,Full-Time,Data Analyst,113600,US,On-Site,US,Medium,128320
2024,Senior,Full-Time,Data Scientist,93400,US,On-Site,US,Medium,171625
2023,Senior,Full-Time,Data Science Lead,156400,US,On-Site,US,Medium,174233
2024,Mid-Level,Full-Time,Data Scientist,150000,US,Fully Remote,US,Medium,138704
2024,Senior,Full-Time,Data Engineer,165000,US,Fully Remote,US,Medium,159871
2023,Senior,Full-Time,Business Intelligence Analyst,124400,US,Fully Remote,US,Medium,130881
2024,Mid-Level,Full-Time,Business Intelligence Engineer,89500,US,Fully Remote,US,Medium,112482
2023,Senior,Full-Time,BI Analyst,130800,US,Fully Remote,US,Medium,120739
2024,Senior,Full-Time,Computer Vision Engineer,183000,US,Fully Remote,US,Medium,188610
2023,Entry-Level,Full-Time,Data Analyst,58400,US,On-Site,US,Medium,86195
2023,Mid-Level,Full-Time,Decision Scientist,204500,US,On-Site,US,Medium,155698
2023,Senior,Full-Time,Data Analyst,210000,US,Fully Remote,US,Medium,122680
2023,Senior,Full-Time,Data Engineer,143000,US,Fully Remote,US,Medium,158529
2024,Entry-Level,Full-Time,Data Analyst,68000,US,On-Site,US,Medium,93773
2023,Entry-Level,Full-Time,Data Analyst,75000,US,On-Site,US,Medium,86195
2023,Senior,Full-Time,ML Engineer,135000,US,On-Site,US,Medium,206066
2023,Senior,Full-Time,Machine Learning Engineer,237400,GB,On-Site,GB,Medium,169452
2023,Mid-Level,Full-Time,Data Engineer,181700,US,On-Site,US,Medium,141383
2023,Senior,Full-Time,AI Developer,108000,UA,On-Site,UA,Medium,113518
2024,Senior,Full-Time,ML Engineer,200070,CA,On-Site,CA,Medium,179755
2022,Senior,Full-Time,Data Analyst,144000,US,Fully Remote,US,Medium,118871
2023,Entry-Level,Full-Time,Data Analyst,60000,US,On-Site,US,Medium,86195
2024,Mid-Level,Full-Time,Data Analyst,120000,US,Fully Remote,US,Medium,107696
2023,Senior,Full-Time,Data Engineer,105700,US,Fully Remote,US,Medium,158529
2024,Senior,Full-Time,Business Intelligence Engineer,185000,US,On-Site,US,Large,147851
2023,Senior,Full-Time,Data Analyst,280000,US,On-Site,US,Medium,128320
2022,Senior,Full-Time,Data Specialist,110000,US,On-Site,US,Medium,106672
2023,Executive,Full-Time,Head of Data,204500,US,On-Site,US,Medium,217967
2023,Entry-Level,Full-Time,Data Scientist,65000,US,On-Site,US,Medium,111924
2023,Senior,Full-Time,Data Scientist,168000,US,Fully Remote,US,Medium,174953
2023,Senior,Full-Time,Machine Learning Engineer,152000,US,On-Site,US,Medium,201918
2023,Senior,Full-Time,Data Engineer,238000,US,On-Site,US,Medium,163312
2024,Senior,Full-Time,Data Science Consultant,128000,US,On-Site,US,Medium,139605
2024,Senior,Full-Time,ML Engineer,189400,US,On-Site,US,Medium,197146
2023,Mid-Level,Full-Time,Data Manager,167000,US,On-Site,US,Medium,113649
2023,Senior,Full-Time,Head of Data,226500,US,Fully Remote,US,Medium,201382
2022,Senior,Full-Time,Data Engineer,85000,US,Fully Remote,US,Medium,157016
2023,Senior,Full-Time,Data Engineer,73824,GB,On-Site,GB,Medium,103770
2024,Mid-Level,Full-Time,Data Product Manager,250000,US,On-Site,US,Medium,143836
2023,Senior,Full-Time,Machine Learning Scientist,233500,US,On-Site,US,Medium,202477
2022,Senior,Full-Time,Data Scientist,38000,US,Fully Remote,US,Medium,163950
2023,Senior,Full-Time,Data Engineer,184800,US,On-Site,US,Medium,163312
2023,Entry-Level,Full-Time,Data Analyst,131600,US,Fully Remote,US,Medium,79277
2023,Mid-Level,Full-Time,Data Analyst,131000,US,On-Site,US,Medium,106011
2024,Mid-Level,Full-Time,Data Analyst,85000,US,Fully Remote,US,Medium,107696
2024,Senior,Full-Time,Machine Learning Engineer,201400,US,On-Site,US,Medium,204712
2023,Senior,Full-Time,Data Analyst,166500,US,On-Site,US,Medium,128320
2023,Entry-Level,Full-Time,Business Intelligence Analyst,78800,US,On-Site,US,Medium,97495
2023,Senior,Full-Time,Data Architect,228000,US,On-Site,US,Medium,161326
2024,Senior,Full-Time,Machine Learning Engineer,216000,US,On-Site,US,Medium,204712
2023,Senior,Full-Time,Data Analyst,98000,US,On-Site,US,Medium,128320
2024,Mid-Level,Full-Time,Business Intelligence Analyst,78300,US,On-Site,US,Medium,118462
2023,Senior,Full-Time,Data Engineer,101570,US,Fully Remote,US,Medium,158529
2023,Senior,Full-Time,Data Architect,306000,US,Fully Remote,US,Medium,173332
2023,Senior,Full-Time,AI Programmer,120000,CA,Fully Remote,FR,Medium,174937
2023,Senior,Full-Time,Data Analyst,70000,US,On-Site,US,Medium,128320
2024,Mid-Level,Full-Time,Data Engineer,133000,AU,On-Site,AU,Medium,138170
2023,Senior,Full-Time,Data Architect,92000,GB,Fully Remote,GB,Medium,104322
2024,Senior,Full-Time,Data Engineer,139810,US,On-Site,US,Medium,162159
2022,Mid-Level,Full-Time,Data Engineer,95000,US,On-Site,US,Medium,135676
2023,Senior,Full-Time,Data Engineer,225500,US,On-Site,US,Medium,163312
2023,Senior,Full-Time,Data Analyst,80000,US,On-Site,US,Medium,128320
2024,Senior,Full-Time,Data Architect,150000,GB,On-Site,GB,Medium,102882
2022,Mid-Level,Full-Time,Data Scientist,86193,GB,On-Site,GB,Medium,84763
2024,Mid-Level,Full-Time,Data Scientist,90000,US,Fully Remote,US,Medium,138704
2023,Entry-Level,Full-Time,Data Analyst,80000,US,Fully Remote,US,Medium,79277
2023,Mid-Level,Full-Time,Data Scientist,43064,GB,On-Site,GB,Medium,91460
2024,Mid-Level,Full-Time,Data Engineer,200000,US,On-Site,US,Medium,137171
2023,Mid-Level,Full-Time,Product Data Analyst,16417,IN,Fully Remote,IN,Large,13599
2022,Mid-Level,Full-Time,Data Engineer,160000,US,Fully Remote,US,Medium,138127
2023,Entry-Level,Full-Time,Data Scientist,74540,US,On-Site,US,Medium,111924
2023,Senior,Full-Time,Machine Learning Engineer,126500,US,On-Site,US,Medium,201918
2024,Mid-Level,Full-Time,Machine Learning Scientist,170000,US,On-Site,US,Medium,165922
2023,Senior,Full-Time,Data Analyst,43064,CF,Fully Remote,CF,Medium,81203
2023,Senior,Full-Time,Machine Learning Engineer,169000,US,On-Site,US,Medium,201918
2023,Senior,Full-Time,Data Engineer,170000,US,Fully Remote,US,Medium,158529
2023,Senior,Full-Time,Machine Learning Engineer,189000,US,Fully Remote,US,Medium,188539
2024,Senior,Full-Time,Business Intelligence Analyst,72600,US,On-Site,US,Medium,138010
2024,Senior,Full-Time,Data Engineer,191311,US,Fully Remote,US,Medium,159871
2023,Senior,Full-Time,AI Engineer,350000,US,On-Site,US,Medium,176286
2023,Mid-Level,Full-Time,Research Engineer,193500,US,On-Site,US,Medium,172908
2024,Mid-Level,Full-Time,Data Engineer,129600,US,Fully Remote,US,Medium,136086
2023,Senior,Full-Time,Data Science,115000,US,Fully Remote,US,Medium,154410
2022,Executive,Full-Time,Data Engineer,310000,US,Fully Remote,US,Medium,197612
2022,Senior,Full-Time,Data Scientist,110820,GB,On-Site,GB,Medium,101494
2023,Senior,Full-Time,Machine Learning Engineer,153088,US,Fully Remote,US,Medium,188539
2023,Mid-Level,Full-Time,Data Scientist,183200,US,On-Site,US,Medium,140360
2023,Senior,Full-Time,ML Engineer,305000,US,On-Site,US,Medium,206066
2023,Senior,Full-Time,Data Engineer,165000,US,Fully Remote,US,Medium,158529
2024,Mid-Level,Full-Time,Analytics Engineer,150000,US,Fully Remote,US,Medium,146437
2024,Mid-Level,Full-Time,Data Science Consultant,70000,US,Fully Remote,US,Medium,114973
2023,Senior,Full-Time,Data Analyst,82500,US,On-Site,US,Medium,128320
2024,Mid-Level,Full-Time,Data Analyst,100000,US,On-Site,US,Medium,107663
2024,Mid-Level,Full-Time,Data Analyst,50000,GB,On-Site,GB,Medium,62335
2023,Senior,Full-Time,Data Quality Analyst,82000,US,On-Site,US,Medium,125912
2023,Mid-Level,Full-Time,Data Manager,132300,US,On-Site,US,Medium,113649
2023,Mid-Level,Full-Time,Data Science Lead,129300,US,On-Site,US,Medium,141065
2024,Senior,Full-Time,Data Scientist,144500,US,On-Site,US,Medium,171625
2023,Mid-Level,Full-Time,Analytics Engineer,165000,US,On-Site,US,Medium,150707
2024,Mid-Level,Full-Time,Machine Learning Engineer,135200,US,On-Site,US,Medium,165956
2023,Senior,Full-Time,Data Scientist,168000,US,On-Site,US,Medium,173369
2024,Senior,Full-Time,Data Architect,112500,GB,On-Site,GB,Medium,102882
2024,Mid-Level,Full-Time,Prompt Engineer,240960,US,On-Site,US,Medium,174696
2024,Entry-Level,Full-Time,Data Analyst,92700,US,Fully Remote,US,Medium,92098
2023,Senior,Full-Time,Data Engineer,181500,US,On-Site,US,Medium,163312
2023,Senior,Full-Time,Analytics Engineer,95000,US,On-Site,US,Medium,176399
2023,Mid-Level,Full-Time,Data Analyst,73824,GB,On-Site,GB,Medium,70536
2024,Senior,Full-Time,Machine Learning Scientist,175000,US,On-Site,US,Medium,204638
2023,Senior,Full-Time,Data Scientist,245000,US,On-Site,US,Medium,173369
2023,Senior,Full-Time,Data Specialist,60000,US,On-Site,US,Medium,127869
2023,Senior,Full-Time,Data Architect,166375,US,On-Site,US,Medium,161326
2023,Senior,Full-Time,Data Scientist,104000,US,On-Site,US,Medium,173369
2024,Mid-Level,Full-Time,Data Engineer,89000,US,On-Site,US,Medium,137171
2024,Senior,Full-Time,Data Scientist,66666,ES,On-Site,ES,Medium,95318
2024,Senior,Full-Time,Data Science,172500,US,On-Site,US,Medium,164623
2023,Senior,Full-Time,Data Scientist,105000,CA,On-Site,CA,Medium,154796
2024,Mid-Level,Full-Time,Business Intelligence,207600,US,On-Site,US,Medium,132961
2023,Senior,Full-Time,Business Intelligence Engineer,142000,US,On-Site,US,Medium,142464
2022,Senior,Full-Time,Data Analyst,119000,US,Fully Remote,US,Medium,118871
2023,Senior,Full-Time,Principal Data Scientist,86374,ES,Fully Remote,ES,Large,90444
2024,Senior,Full-Time,Robotics Software Engineer,282000,US,On-Site,US,Medium,225722
2023,Senior,Full-Time,Research Scientist,200000,US,On-Site,US,Medium,207266
2024,Mid-Level,Full-Time,Data Scientist,75705,US,On-Site,US,Medium,135556
2023,Senior,Full-Time,Machine Learning Engineer,124000,CA,On-Site,CA,Medium,177771
2024,Senior,Full-Time,Data Engineer,147500,US,Fully Remote,US,Medium,159871
2023,Senior,Full-Time,Data Architect,150000,US,On-Site,US,Medium,161326
2023,Mid-Level,Full-Time,Data Scientist,157000,US,Fully Remote,US,Medium,141014
2023,Mid-Level,Full-Time,Data Science,235000,US,Fully Remote,US,Medium,133685
2023,Senior,Full-Time,BI Developer,105000,US,On-Site,US,Medium,129636
2024,Mid-Level,Full-Time,Data Manager,128000,US,On-Site,US,Medium,113053
2023,Senior,Full-Time,Data Scientist,182000,US,On-Site,US,Medium,173369
2024,Senior,Full-Time,Data Scientist,170700,US,On-Site,US,Medium,171625
2023,Senior,Full-Time,Business Intelligence Analyst,194521,US,On-Site,US,Medium,138060
2024,Senior,Full-Time,Data Engineer,295000,US,On-Site,US,Medium,162159
2024,Senior,Full-Time,Data Science,144200,US,On-Site,US,Medium,164623
2024,Entry-Level,Full-Time,Business Intelligence,166000,US,Fully Remote,US,Medium,119667
2023,Senior,Full-Time,Data Engineer,197400,US,On-Site,US,Medium,163312
2023,Senior,Full-Time,Machine Learning Engineer,145000,US,On-Site,US,Medium,201918
2023,Senior,Full-Time,Data Analyst,100000,GB,Fully Remote,GB,Medium,83701
2023,Senior,Full-Time,BI Developer,197000,US,On-Site,US,Medium,129636
2023,Mid-Level,Full-Time,Data Analyst,86128,GB,On-Site,GB,Medium,70536
2023,Senior,Full-Time,Data Engineer,174350,US,Fully Remote,US,Medium,158529
2023,Mid-Level,Full-Time,Data Engineer,115300,US,Fully Remote,US,Medium,137804
2022,Senior,Full-Time,Data Scientist,185000,US,Fully Remote,US,Medium,163950
2023,Mid-Level,Full-Time,Data Analyst,72000,US,On-Site,US,Medium,106011
2024,Entry-Level,Full-Time,Data Scientist,144650,US,On-Site,US,Medium,108461
2024,Executive,Full-Time,Data Science Director,106666,ES,Fully Remote,ES,Large,122090
2023,Senior,Full-Time,ML Engineer,276000,US,On-Site,US,Medium,206066
2023,Senior,Full-Time,Data Engineer,385000,US,On-Site,US,Medium,163312
2023,Mid-Level,Full-Time,Data Analyst,110000,US,On-Site,US,Medium,106011
2023,Mid-Level,Full-Time,Data Scientist,250000,US,On-Site,US,Medium,140360
2023,Senior,Full-Time,Data Engineer,280000,US,On-Site,US,Medium,163312
2023,Senior,Full-Time,Data Scientist,172100,US,On-Site,US,Medium,173369
2022,Senior,Full-Time,Analytics Engineer,116250,US,Fully Remote,US,Medium,140065
2022,Executive,Full-Time,Head of Data,160000,US,On-Site,US,Medium,205514
2023,Mid-Level,Full-Time,Machine Learning Engineer,150450,US,Fully Remote,US,Medium,155230
2023,Mid-Level,Full-Time,Data Engineer,72593,GB,On-Site,GB,Medium,85775
2023,Senior,Full-Time,Data Scientist,123000,US,On-Site,US,Medium,173369
2023,Senior,Full-Time,Data Scientist,253430,US,On-Site,US,Medium,173369
2023,Senior,Full-Time,Data Scientist,275300,US,Fully Remote,US,Medium,174953
2024,Entry-Level,Full-Time,Data Scientist,58400,US,On-Site,US,Medium,108461
2023,Mid-Level,Full-Time,Data Engineer,99000,CA,Fully Remote,CA,Medium,135900
2023,Mid-Level,Full-Time,Data Scientist,225300,US,On-Site,US,Medium,140360
2022,Senior,Full-Time,Data Scientist,47280,ES,On-Site,ES,Medium,61435
2023,Senior,Full-Time,Business Intelligence Engineer,192000,US,On-Site,US,Medium,142464
2024,Executive,Full-Time,Data Architect,210000,US,Fully Remote,US,Medium,215476
2023,Senior,Full-Time,Data Scientist,177300,US,On-Site,US,Medium,173369
2023,Mid-Level,Full-Time,Data Manager,73500,US,On-Site,US,Medium,113649
2023,Senior,Full-Time,Data Engineer,90000,US,On-Site,US,Medium,163312
2024,Mid-Level,Full-Time,Data Engineer,194000,US,On-Site,US,Medium,137171
2024,Senior,Full-Time,Data Scientist,170000,US,Fully Remote,US,Medium,175703
2024,Entry-Level,Full-Time,Data Analyst,105000,US,On-Site,US,Medium,93773
2023,Senior,Full-Time,Data Engineer,177500,US,On-Site,US,Medium,163312
2023,Mid-Level,Full-Time,ML Engineer,155000,US,On-Site,US,Medium,170370
2024,Mid-Level,Full-Time,Data Scientist,220000,US,On-Site,US,Medium,135556
2023,Mid-Level,Full-Time,Data Scientist,59382,ES,On-Site,ES,Medium,61310
2022,Mid-Level,Full-Time,Data Analyst,100000,US,Fully Remote,US,Medium,99636
2023,Senior,Full-Time,Machine Learning Engineer,121000,US,On-Site,US,Medium,201918
2024,Entry-Level,Full-Time,Research Analyst,90000,US,On-Site,US,Medium,130194
2023,Senior,Full-Time,Research Engineer,184800,US,On-Site,US,Medium,207266
2024,Entry-Level,Full-Time,Research Analyst,124000,US,On-Site,US,Medium,130194
2023,Senior,Full-Time,Data Analyst,82200,US,Fully Remote,US,Medium,122680
2023,Senior,Full-Time,NLP Engineer,64781,ES,Fully Remote,ES,Medium,96707
2023,Senior,Full-Time,Data Architect,138000,GB,Fully Remote,GB,Medium,104322
2024,Senior,Full-Time,Data Analyst,134500,US,On-Site,US,Medium,130006
2024,Mid-Level,Full-Time,Data Specialist,111000,US,On-Site,US,Medium,99453
2023,Senior,Full-Time,Data Engineer,370000,US,On-Site,US,Medium,163312
2024,Executive,Full-Time,Head of Data,182000,US,On-Site,US,Medium,216497
2024,Senior,Full-Time,Data Engineer,233200,US,On-Site,US,Medium,162159
2024,Mid-Level,Full-Time,Data Engineer,97935,US,On-Site,US,Medium,137171
2023,Senior,Full-Time,Data Scientist,155600,US,On-Site,US,Medium,173369
2023,Senior,Full-Time,Data Science,95100,US,Fully Remote,US,Medium,154410
2023,Senior,Full-Time,Data Analyst,206500,US,Fully Remote,US,Medium,122680
2023,Senior,Full-Time,Data Scientist,222000,US,On-Site,US,Medium,173369
2023,Senior,Full-Time,Data Scientist,130500,US,On-Site,US,Medium,173369
2024,Mid-Level,Full-Time,Machine Learning Engineer,160000,US,On-Site,US,Medium,165956
2023,Mid-Level,Full-Time,Data Engineer,180000,US,On-Site,US,Medium,141383
2024,Entry-Level,Full-Time,Data Management Analyst,145000,US,On-Site,US,Medium,88977
2024,Mid-Level,Full-Time,Data Scientist,190000,US,Fully Remote,US,Medium,138704
2023,Senior,Full-Time,Data Scientist,209450,US,Fully Remote,US,Medium,174953
2023,Executive,Full-Time,Head of Data,269600,US,On-Site,US,Medium,217967
2023,Senior,Full-Time,Data Architect,80000,US,On-Site,US,Medium,161326
2023,Senior,Full-Time,Machine Learning Engineer,165500,US,Fully Remote,US,Medium,188539
2024,Senior,Full-Time,Data Engineer,130000,US,Fully Remote,US,Medium,159871
2023,Senior,Full-Time,Data Scientist,233300,US,On-Site,US,Medium,173369
2024,Senior,Full-Time,Data Architect,175000,US,On-Site,US,Medium,167461
2024,Mid-Level,Full-Time,Data Scientist,60000,US,On-Site,US,Medium,135556
2023,Senior,Full-Time,Data Analyst,120250,US,Fully Remote,US,Medium,122680
2024,Senior,Full-Time,Machine Learning Engineer,208000,US,Fully Remote,US,Medium,196074
2023,Mid-Level,Full-Time,Data Engineer,116500,US,Fully Remote,US,Medium,137804
2021,Mid-Level,Full-Time,Data Science Lead,150000,US,Fully Remote,US,Medium,140791
2023,Senior,Full-Time,Data Analyst,126000,US,On-Site,US,Medium,128320
2023,Mid-Level,Full-Time,Data Analytics Manager,140000,US,On-Site,US,Medium,130332
2024,Senior,Full-Time,Machine Learning Scientist,277000,US,On-Site,US,Medium,204638
2023,Senior,Full-Time,Data Engineer,108308,GB,Fully Remote,GB,Medium,97065
2024,Senior,Full-Time,Data Architect,117000,US,On-Site,US,Medium,167461
2023,Mid-Level,Full-Time,Research Analyst,102000,US,On-Site,US,Medium,114512
2024,Entry-Level,Full-Time,Data Analyst,94600,US,On-Site,US,Medium,93773
2023,Mid-Level,Contract,Machine Learning Engineer,105000,US,Fully Remote,US,Small,145949
2023,Senior,Full-Time,Data Scientist,285800,US,Fully Remote,US,Medium,174953
2024,Mid-Level,Full-Time,Data Visualization Specialist,170200,US,On-Site,US,Medium,126238
2024,Executive,Full-Time,BI Developer,130000,US,On-Site,US,Medium,135069
2024,Senior,Full-Time,Data Scientist,81250,GB,On-Site,GB,Medium,114350
2023,Mid-Level,Freelance,Data Science Consultant,21000,PK,Fully Remote,LU,Small,22098
2024,Senior,Full-Time,Analytics Engineer,137871,US,Fully Remote,US,Medium,164732
2023,Senior,Full-Time,Data Architect,115000,US,Fully Remote,US,Medium,173332
2023,Senior,Full-Time,Analytics Engineer,178560,US,On-Site,US,Medium,176399
2024,Entry-Level,Full-Time,Research Analyst,120000,US,Fully Remote,US,Medium,126073
2023,Senior,Full-Time,Research Analyst,107000,US,On-Site,US,Medium,140074
2023,Senior,Full-Time,Applied Scientist,159100,US,On-Site,US,Large,223259
2023,Mid-Level,Full-Time,Machine Learning Engineer,180000,US,Fully Remote,US,Medium,155230
2024,Senior,Full-Time,Machine Learning Engineer,132300,US,On-Site,US,Medium,204712
2023,Senior,Full-Time,Data Analyst,185000,US,Fully Remote,US,Medium,122680
2023,Mid-Level,Full-Time,Data Engineer,129192,GB,On-Site,GB,Medium,85775
2023,Executive,Full-Time,Head of Data,142200,US,On-Site,US,Medium,217967
2022,Senior,Full-Time,Data Analyst,130000,US,On-Site,US,Medium,118314
2024,Senior,Full-Time,Machine Learning Scientist,170000,US,On-Site,US,Medium,204638
2023,Mid-Level,Full-Time,Data Scientist,212000,US,On-Site,US,Medium,140360
2023,Senior,Full-Time,Data Analyst,138000,US,Fully Remote,US,Medium,122680
2023,Senior,Full-Time,Data Scientist,127950,US,On-Site,US,Medium,173369
2023,Senior,Full-Time,Data Scientist,197500,US,On-Site,US,Medium,173369
2023,Senior,Full-Time,Data Engineer,108000,US,Fully Remote,US,Medium,158529
2023,Senior,Full-Time,Machine Learning Scientist,222000,US,On-Site,US,Medium,202477
2023,Senior,Full-Time,Data Analyst,75000,US,On-Site,US,Medium,128320
2023,Senior,Full-Time,Data Engineer,160000,US,Fully Remote,US,Medium,158529
2023,Senior,Full-Time,Data Scientist,132500,US,On-Site,US,Medium,173369
2024,Entry-Level,Freelance,Applied Data Scientist,30000,GB,Fully Remote,GB,Medium,43739
2024,Senior,Full-Time,Business Intelligence Analyst,67993,ZA,On-Site,ZA,Medium,70121
2023,Senior,Full-Time,Data Scientist,180000,US,On-Site,US,Medium,173369
2023,Senior,Full-Time,Applied Scientist,212800,US,On-Site,US,Large,223259
2023,Senior,Full-Time,Data Architect,204000,US,Fully Remote,US,Medium,173332
2023,Senior,Full-Time,Data Engineer,210000,US,Fully Remote,US,Medium,158529
2024,Entry-Level,Full-Time,Data Analyst,61700,US,Fully Remote,US,Medium,92098
2024,Senior,Full-Time,Research Engineer,144600,US,On-Site,US,Medium,215335
2023,Mid-Level,Full-Time,Data Scientist,135000,US,Fully Remote,US,Medium,141014
2023,Mid-Level,Full-Time,Research Engineer,130000,US,Fully Remote,US,Medium,158237
2023,Senior,Full-Time,Data Analyst,81666,US,Fully Remote,US,Medium,122680
2024,Senior,Full-Time,Data Scientist,130000,US,Fully Remote,US,Medium,175703
2024,Senior,Full-Time,Data Engineer,135000,US,On-Site,US,Medium,162159
2024,Senior,Full-Time,AI Architect,289000,US,Fully Remote,US,Large,271295
2023,Senior,Full-Time,Data Analyst,185900,US,On-Site,US,Medium,128320
2024,Senior,Full-Time,BI Data Analyst,66666,DE,Hybrid,DE,Small,67578
2022,Mid-Level,Full-Time,Data Engineer,98506,GB,Fully Remote,GB,Medium,80278
2023,Senior,Full-Time,Applied Scientist,135200,US,On-Site,US,Medium,186452
2024,Senior,Full-Time,Analytics Engineer,120000,CA,Fully Remote,CA,Medium,220714
2023,Senior,Full-Time,Data Architect,280100,US,Fully Remote,US,Medium,173332
2023,Mid-Level,Full-Time,Data Engineer,130400,US,On-Site,US,Medium,141383
2024,Senior,Full-Time,Data Analyst,95584,DE,Fully Remote,DE,Medium,89296
2024,Senior,Full-Time,Applied Scientist,180000,US,Fully Remote,US,Medium,207614
2022,Senior,Full-Time,Data Specialist,70000,US,On-Site,US,Medium,106672
2024,Senior,Full-Time,Data Analyst,136000,US,On-Site,US,Medium,130006
2023,Mid-Level,Full-Time,Research Scientist,340000,US,Fully Remote,US,Medium,171266
2022,Entry-Level,Full-Time,Data Scientist,100000,US,Fully Remote,US,Medium,111186
2023,Senior,Full-Time,Data Engineer,109400,US,On-Site,US,Medium,163312
2023,Senior,Full-Time,Research Analyst,185000,US,On-Site,US,Medium,140074
2022,Executive,Full-Time,Machine Learning Scientist,180000,US,Fully Remote,US,Small,194995
2023,Senior,Full-Time,Data Scientist,166000,US,On-Site,US,Medium,173369
2024,Senior,Full-Time,Machine Learning Engineer,263500,US,Fully Remote,US,Medium,196074
2024,Senior,Full-Time,Data Analyst,110000,US,On-Site,US,Medium,130006
2023,Mid-Level,Full-Time,Data Analyst,80000,US,Fully Remote,US,Medium,100557
2023,Senior,Full-Time,Data Scientist,179000,US,On-Site,US,Medium,173369
2024,Senior,Full-Time,Machine Learning Engineer,255000,US,Fully Remote,US,Medium,196074
2023,Senior,Full-Time,Data Analyst,106800,US,On-Site,US,Medium,128320
2024,Mid-Level,Full-Time,Prompt Engineer,200800,US,On-Site,US,Medium,174696
2024,Mid-Level,Full-Time,Data Engineer,180000,US,On-Site,US,Medium,137171
2023,Senior,Full-Time,Data Product Manager,137500,US,On-Site,US,Medium,166360
2023,Senior,Full-Time,Prompt Engineer,140000,US,On-Site,US,Medium,175046
2023,Mid-Level,Full-Time,Data Analyst,116700,US,On-Site,US,Medium,106011
2023,Senior,Full-Time,Research Scientist,140000,US,On-Site,US,Medium,207266
2022,Mid-Level,Full-Time,Data Operations Engineer,100000,US,Fully Remote,US,Medium,102990
2024,Mid-Level,Full-Time,Data Engineer,85750,US,On-Site,US,Medium,137171
2023,Entry-Level,Full-Time,Data Analyst,50000,US,On-Site,US,Medium,86195
2022,Senior,Full-Time,Data Science Manager,172200,US,On-Site,US,Medium,184487
2023,Mid-Level,Full-Time,Data Engineer,85800,US,On-Site,US,Medium,141383
2023,Senior,Full-Time,Data Engineer,135000,US,Fully Remote,US,Medium,158529
2022,Senior,Full-Time,Analytics Engineer,63000,US,On-Site,US,Medium,161330
2022,Mid-Level,Full-Time,Data Engineer,67723,GB,Fully Remote,GB,Medium,80278
2023,Mid-Level,Full-Time,Data Engineer,67056,GB,On-Site,GB,Medium,85775
2023,Mid-Level,Full-Time,Data Specialist,110000,US,On-Site,US,Medium,103265
2023,Mid-Level,Full-Time,Business Intelligence Analyst,80505,CA,On-Site,CA,Medium,100978
2024,Mid-Level,Full-Time,Research Scientist,150000,US,Fully Remote,US,Medium,161179
2023,Senior,Full-Time,Data Engineer,195800,US,On-Site,US,Medium,163312
2023,Senior,Full-Time,Research Engineer,168000,FR,On-Site,FR,Medium,199080
2024,Senior,Full-Time,Business Intelligence,132900,US,On-Site,US,Medium,152508
2023,Senior,Full-Time,Machine Learning Engineer,104000,US,On-Site,US,Medium,201918
2024,Senior,Full-Time,Business Intelligence Analyst,86000,US,On-Site,US,Medium,138010
2023,Senior,Full-Time,Research Analyst,135960,US,On-Site,US,Medium,140074
2022,Senior,Full-Time,Data Scientist,168000,US,Fully Remote,US,Medium,163950
2020,Entry-Level,Contract,Staff Data Analyst,44753,CA,Hybrid,CA,Large,55000
2023,Senior,Full-Time,Data Scientist,118575,CA,Fully Remote,CA,Medium,159714
2023,Senior,Full-Time,Research Scientist,220000,US,On-Site,US,Medium,207266
2023,Senior,Full-Time,Data Scientist,150000,US,Fully Remote,US,Medium,174953
2023,Mid-Level,Full-Time,Machine Learning Engineer,172200,US,On-Site,US,Medium,167075
2024,Mid-Level,Full-Time,Data Manager,83300,US,On-Site,US,Medium,113053
2023,Mid-Level,Full-Time,Data Engineer,73400,US,On-Site,US,Medium,141383
2024,Entry-Level,Full-Time,Research Analyst,83200,US,Fully Remote,US,Medium,126073
2024,Mid-Level,Full-Time,Data Engineer,200000,US,Fully Remote,US,Medium,136086
2024,Mid-Level,Full-Time,Data Management Analyst,76050,US,Fully Remote,US,Medium,104902
2023,Mid-Level,Full-Time,AI Developer,200000,US,Fully Remote,US,Medium,181732
2023,Mid-Level,Full-Time,Data Analyst,80000,US,On-Site,US,Medium,106011
2023,Executive,Full-Time,Data Analyst,70000,US,Fully Remote,US,Medium,136741
2023,Entry-Level,Full-Time,Data Analyst,47500,US,On-Site,US,Medium,86195
2023,Mid-Level,Full-Time,Data Engineer,220000,CA,Fully Remote,CA,Medium,135900
2023,Senior,Full-Time,Machine Learning Engineer,130100,US,On-Site,US,Medium,201918
2024,Senior,Full-Time,Data Engineer,270250,US,On-Site,US,Medium,162159
2023,Senior,Full-Time,Data Science Manager,160000,US,Fully Remote,US,Medium,205920
2024,Senior,Full-Time,Data Engineer,93300,US,On-Site,US,Medium,162159
2023,Mid-Level,Full-Time,Data Engineer,95000,US,Fully Remote,US,Medium,137804
2024,Senior,Full-Time,Data Scientist,237600,US,On-Site,US,Medium,171625
2024,Mid-Level,Full-Time,Data Engineer,215500,US,On-Site,US,Medium,137171
2023,Senior,Full-Time,Data Engineer,120000,US,Fully Remote,US,Medium,158529
2024,Mid-Level,Full-Time,Data Engineer,95000,US,Fully Remote,US,Medium,136086
2023,Senior,Full-Time,Data Science Manager,198200,US,Fully Remote,US,Medium,205920
2023,Senior,Full-Time,Analytics Engineer,196000,US,On-Site,US,Medium,176399
2023,Senior,Full-Time,Data Engineer,241000,US,On-Site,US,Medium,163312
2023,Senior,Full-Time,Data Scientist,78000,US,On-Site,US,Medium,173369
2024,Mid-Level,Full-Time,Data Analyst,121000,US,On-Site,US,Medium,107663
2023,Senior,Full-Time,Data Engineer,172000,US,Fully Remote,US,Medium,158529
2024,Senior,Full-Time,Data Engineer,176000,US,On-Site,US,Medium,162159
2023,Mid-Level,Full-Time,Data Analyst,48000,US,Fully Remote,US,Medium,100557
2023,Mid-Level,Full-Time,Data Engineer,67672,GB,Fully Remote,GB,Medium,80273
2023,Senior,Full-Time,Data Engineer,240500,US,On-Site,US,Large,163396
2023,Senior,Full-Time,Data Analyst,105500,US,On-Site,US,Medium,128320
2023,Senior,Full-Time,Data Analyst,177000,US,Fully Remote,US,Medium,122680
2023,Senior,Full-Time,Deep Learning Engineer,100017,CA,Fully Remote,CA,Medium,170711
2023,Senior,Full-Time,Analytics Engineer,214000,US,On-Site,US,Medium,176399
2024,Senior,Full-Time,Business Intelligence Analyst,68750,GB,On-Site,GB,Medium,85507
2024,Senior,Full-Time,Robotics Engineer,165000,US,On-Site,US,Medium,145262
2024,Mid-Level,Full-Time,Research Engineer,38888,PT,On-Site,PT,Medium,62119
2023,Senior,Full-Time,Data Engineer,150600,GB,Fully Remote,GB,Medium,97065
2023,Senior,Full-Time,Data Architect,250500,US,On-Site,US,Medium,161326
2023,Mid-Level,Full-Time,Data Scientist,140000,US,Fully Remote,US,Medium,141014
2023,Mid-Level,Full-Time,Data Analyst,90000,US,On-Site,US,Medium,106011
2023,Senior,Full-Time,Data Analyst,150000,US,On-Site,US,Medium,128320
2023,Senior,Full-Time,Data Engineer,150000,US,On-Site,US,Medium,163312
2024,Senior,Full-Time,Data Analyst,117000,US,On-Site,US,Medium,130006
2023,Senior,Full-Time,Data Analyst,85700,US,On-Site,US,Medium,128320
2024,Senior,Full-Time,Data Analyst,163700,US,On-Site,US,Medium,130006
2024,Senior,Full-Time,Data Scientist,174300,US,On-Site,US,Medium,171625
2024,Senior,Full-Time,Machine Learning Engineer,304750,US,On-Site,US,Medium,204712
2023,Senior,Full-Time,Data Engineer,144100,US,On-Site,US,Medium,163312
2023,Senior,Full-Time,Data Scientist,181000,CA,On-Site,CA,Medium,154796
2024,Mid-Level,Full-Time,Machine Learning Engineer,150000,US,On-Site,US,Medium,165956
2024,Mid-Level,Full-Time,Data Scientist,127300,US,On-Site,US,Large,132215
2023,Senior,Full-Time,ML Engineer,110000,CA,Fully Remote,CA,Medium,167565
2023,Senior,Full-Time,Machine Learning Engineer,263500,US,Fully Remote,US,Medium,188539
2024,Senior,Full-Time,Data Scientist,126500,US,Fully Remote,US,Medium,175703
2024,Senior,Full-Time,MLOps Engineer,175000,US,On-Site,US,Medium,197146
2024,Entry-Level,Full-Time,Machine Learning Engineer,91000,US,On-Site,US,Medium,131922
2023,Senior,Full-Time,Data Analyst,93918,US,On-Site,US,Medium,128320
2022,Senior,Full-Time,Data Analyst,95000,US,On-Site,US,Medium,118314
2023,Senior,Full-Time,Data Engineer,180000,US,Fully Remote,US,Medium,158529
2023,Senior,Full-Time,Data Analyst,167000,US,On-Site,US,Medium,128320
2023,Senior,Full-Time,Data Engineer,185100,US,Fully Remote,US,Medium,158529
2024,Senior,Full-Time,Data Engineer,100006,CA,On-Site,CA,Medium,149704
2023,Mid-Level,Full-Time,Head of Data Science,60805,IN,Hybrid,IN,Large,46808
2024,Senior,Full-Time,Data Engineer,148000,US,Fully Remote,US,Medium,159871
2024,Mid-Level,Full-Time,Data Analyst,187000,US,On-Site,US,Medium,107663
2023,Senior,Full-Time,Data Scientist,100000,US,On-Site,US,Medium,173369
2024,Senior,Full-Time,Machine Learning Engineer,140000,US,On-Site,US,Medium,204712
2023,Mid-Level,Full-Time,Data Analyst,121000,US,On-Site,US,Medium,106011
2023,Senior,Full-Time,Data Scientist,174000,US,Fully Remote,US,Medium,174953
2023,Senior,Full-Time,Data Scientist,203000,US,Fully Remote,US,Medium,174953
2024,Senior,Full-Time,Data Engineer,130000,US,On-Site,US,Medium,162159
2023,Senior,Full-Time,Analytics Engineer,143200,US,On-Site,US,Medium,176399
2023,Senior,Full-Time,Data Engineer,227500,US,Fully Remote,US,Medium,158529
2022,Senior,Full-Time,Data Engineer,230000,US,Fully Remote,US,Medium,157016
2023,Executive,Full-Time,Head of Machine Learning,188000,US,On-Site,US,Medium,250316
2024,Entry-Level,Full-Time,Data Analyst,70000,US,On-Site,US,Medium,93773
2022,Mid-Level,Full-Time,BI Analyst,78000,BR,Fully Remote,BR,Medium,73195
2023,Senior,Full-Time,Machine Learning Engineer,215000,US,On-Site,US,Medium,201918
2023,Senior,Full-Time,Data Engineer,96800,US,Fully Remote,US,Medium,158529
2023,Senior,Full-Time,AI Engineer,240000,US,On-Site,US,Medium,176286
2023,Mid-Level,Full-Time,Data Scientist,110000,US,On-Site,US,Medium,140360
2023,Senior,Full-Time,Machine Learning Engineer,220000,US,On-Site,US,Medium,201918
2023,Mid-Level,Full-Time,Business Intelligence Analyst,100631,CA,On-Site,CA,Medium,100978
2023,Mid-Level,Full-Time,Autonomous Vehicle Technician,120000,GB,Hybrid,GB,Medium,97095
2024,Mid-Level,Full-Time,Data Science Manager,188500,US,On-Site,US,Medium,186008
2024,Senior,Full-Time,Data Scientist,190500,CA,Fully Remote,CA,Medium,163394
2022,Mid-Level,Full-Time,Data Scientist,115573,NL,On-Site,NL,Medium,57747
2023,Senior,Full-Time,Data Scientist,219000,US,On-Site,US,Medium,173369
2024,Senior,Full-Time,Research Scientist,141300,US,Fully Remote,US,Medium,187715
2022,Senior,Full-Time,Data Engineer,193750,US,Fully Remote,US,Medium,157016
2024,Senior,Full-Time,Data Analyst,128800,US,On-Site,US,Medium,130006
2023,Senior,Full-Time,Machine Learning Engineer,175000,US,Fully Remote,US,Medium,188539
2023,Senior,Full-Time,Machine Learning Scientist,180514,GB,Fully Remote,GB,Medium,128965
2023,Senior,Full-Time,Analytics Engineer,138000,US,On-Site,US,Medium,176399
2024,Entry-Level,Full-Time,Research Analyst,110000,US,On-Site,US,Medium,130194
2022,Mid-Level,Full-Time,Data Engineer,80000,US,Fully Remote,US,Medium,138127
2022,Senior,Full-Time,Data Analyst,104000,US,Fully Remote,US,Medium,118871
2023,Senior,Full-Time,Data Scientist,140000,US,On-Site,US,Medium,173369
2024,Entry-Level,Full-Time,Data Science,80000,US,On-Site,US,Medium,112868
2023,Senior,Full-Time,Analytics Engineer,112500,US,On-Site,US,Medium,176399
2024,Senior,Full-Time,Research Scientist,132500,US,On-Site,US,Medium,215335
2024,Mid-Level,Full-Time,Data Engineer,167500,US,On-Site,US,Medium,137171
2022,Senior,Full-Time,Analytics Engineer,231250,US,Fully Remote,US,Medium,140065
2023,Senior,Full-Time,Research Scientist,120000,US,On-Site,US,Medium,207266
2023,Senior,Full-Time,Data Scientist,285800,US,On-Site,US,Medium,173369
2024,Senior,Full-Time,Analytics Engineer,329200,CA,Fully Remote,CA,Medium,220714
2023,Entry-Level,Full-Time,Data Scientist,135000,US,On-Site,US,Medium,111924
2023,Senior,Full-Time,Data Architect,132000,US,Fully Remote,US,Medium,173332
2023,Senior,Full-Time,Data Engineer,186700,US,Fully Remote,US,Medium,158529
2024,Senior,Full-Time,Data Scientist,185900,US,On-Site,US,Medium,171625
2024,Mid-Level,Full-Time,Data Engineer,103000,US,On-Site,US,Medium,137171
2023,Senior,Full-Time,Data Engineer,85000,US,Fully Remote,US,Medium,158529
2023,Senior,Full-Time,Data Scientist,266000,US,On-Site,US,Medium,173369
2024,Senior,Full-Time,Data Scientist,136000,US,Fully Remote,US,Medium,175703
2023,Mid-Level,Full-Time,Machine Learning Engineer,72000,VN,Fully Remote,VN,Medium,69374
2023,Senior,Full-Time,Machine Learning Engineer,230000,US,On-Site,US,Medium,201918
2024,Senior,Full-Time,Data Engineer,116600,US,Fully Remote,US,Medium,159871
2022,Entry-Level,Full-Time,Data Engineer,49253,GB,Fully Remote,GB,Medium,61710
2024,Mid-Level,Full-Time,Data Engineer,81250,GB,On-Site,GB,Medium,75449
2023,Senior,Full-Time,Data Scientist,175000,US,On-Site,US,Medium,173369
2024,Entry-Level,Full-Time,Data Scientist,61111,DE,Hybrid,DE,Medium,70387
2023,Senior,Full-Time,Data Scientist,90000,GB,On-Site,GB,Medium,123539
2023,Senior,Full-Time,Machine Learning Engineer,170000,US,Fully Remote,US,Medium,188539
2023,Senior,Full-Time,Data Scientist,199098,US,Fully Remote,US,Medium,174953
2022,Mid-Level,Full-Time,Data Analytics Consultant,113000,US,Fully Remote,US,Large,111713
2023,Senior,Full-Time,Data Management Specialist,139500,US,On-Site,US,Medium,135577
2024,Entry-Level,Full-Time,Data Analyst,41419,US,Fully Remote,US,Medium,92098
2024,Senior,Full-Time,Machine Learning Engineer,96900,US,On-Site,US,Medium,204712
2023,Senior,Full-Time,Data Scientist,147400,US,On-Site,US,Medium,173369
2024,Mid-Level,Full-Time,ML Engineer,80420,US,On-Site,US,Medium,158390
2022,Senior,Full-Time,Data Scientist,125000,US,On-Site,US,Medium,152924
2023,Senior,Full-Time,Data Scientist,136000,US,On-Site,US,Medium,173369
2024,Senior,Full-Time,Research Engineer,240960,US,On-Site,US,Medium,215335
2024,Senior,Full-Time,Data Scientist,193000,US,On-Site,US,Medium,171625
2023,Senior,Full-Time,Machine Learning Engineer,370000,US,On-Site,US,Medium,201918
2023,Senior,Full-Time,Data Architect,81800,US,On-Site,US,Medium,161326
2023,Senior,Full-Time,Data Scientist,202000,US,Fully Remote,US,Medium,174953
2024,Entry-Level,Full-Time,Data Analyst,147000,US,On-Site,US,Medium,93773
2023,Mid-Level,Full-Time,Data Engineer,115092,US,On-Site,US,Medium,141383
2022,Entry-Level,Full-Time,Data Analyst,50000,AR,Fully Remote,AR,Large,57484
2023,Mid-Level,Full-Time,Data Scientist,204500,US,On-Site,US,Medium,140360
2024,Senior,Full-Time,Data Analyst,100000,US,On-Site,US,Medium,130006
2024,Senior,Full-Time,Machine Learning Engineer,340000,US,On-Site,US,Medium,204712
2023,Senior,Full-Time,Data Scientist,224000,CA,On-Site,CA,Medium,154796
2023,Mid-Level,Full-Time,Research Scientist,130000,US,On-Site,US,Medium,183499
2023,Senior,Full-Time,Data Analyst,110000,US,Fully Remote,US,Medium,122680
2024,Senior,Full-Time,Business Intelligence Analyst,198200,US,On-Site,US,Medium,138010
2022,Senior,Full-Time,Data Engineer,110000,US,On-Site,US,Medium,153391
2023,Executive,Full-Time,Data Engineer,113000,US,On-Site,US,Medium,184765
2024,Senior,Full-Time,Research Engineer,234000,US,On-Site,US,Medium,215335
2024,Senior,Full-Time,ML Engineer,93300,DE,On-Site,DE,Medium,158145
2023,Senior,Full-Time,Computer Vision Engineer,175000,US,On-Site,US,Medium,199001
2024,Entry-Level,Full-Time,Data Engineer,146000,US,On-Site,US,Medium,111848
2023,Entry-Level,Full-Time,MLOps Engineer,133000,US,On-Site,US,Medium,128837
2024,Mid-Level,Full-Time,Research Engineer,230000,US,On-Site,US,Medium,173952
2024,Senior,Full-Time,Research Scientist,337300,US,On-Site,US,Medium,215335
2023,Mid-Level,Full-Time,Data Scientist,79976,GB,Fully Remote,GB,Medium,87853
2020,Mid-Level,Contract,Sales Data Analyst,60000,NG,On-Site,NG,Medium,59281
2022,Senior,Full-Time,Data Engineer,142127,US,Fully Remote,US,Medium,157016
2023,Mid-Level,Full-Time,Data Engineer,61520,CA,Fully Remote,CA,Medium,135900
2023,Senior,Full-Time,Decision Scientist,185900,US,On-Site,US,Medium,173484
2023,Senior,Full-Time,Data Analyst,179975,US,Fully Remote,US,Medium,122680
2024,Mid-Level,Full-Time,Data Engineer,96000,US,On-Site,US,Medium,137171
2024,Mid-Level,Full-Time,Data Scientist,73000,US,On-Site,US,Medium,135556
2023,Executive,Full-Time,Data Engineer,116704,US,Fully Remote,US,Medium,197288
2023,Senior,Full-Time,Data Manager,199000,US,On-Site,US,Medium,135577
2023,Senior,Full-Time,Data Scientist,258700,US,On-Site,US,Medium,173369
2023,Senior,Full-Time,Machine Learning Engineer,166000,US,On-Site,US,Medium,201918
2023,Senior,Full-Time,Data Engineer,134000,US,Fully Remote,US,Medium,158529
2024,Senior,Full-Time,Research Scientist,190000,US,On-Site,US,Medium,215335
2023,Senior,Full-Time,Research Scientist,300000,US,On-Site,US,Medium,207266
2023,Entry-Level,Full-Time,Business Data Analyst,21593,ES,On-Site,ES,Medium,31617
2024,Senior,Full-Time,Data Science,270250,US,On-Site,US,Medium,164623
2023,Senior,Full-Time,Data Engineer,110000,US,On-Site,US,Medium,163312
2024,Mid-Level,Full-Time,Data Engineer,159000,US,On-Site,US,Medium,137171
2024,Entry-Level,Full-Time,Data Analyst,43750,GB,Fully Remote,GB,Medium,50457
2023,Senior,Full-Time,Data Scientist,178538,US,Fully Remote,US,Medium,174953
2023,Entry-Level,Full-Time,Data Integration Specialist,46400,US,Fully Remote,US,Medium,102387
2023,Entry-Level,Full-Time,Research Analyst,64000,US,Fully Remote,US,Medium,91654
2023,Senior,Full-Time,Analytics Engineer,134000,US,Fully Remote,US,Medium,165674
2023,Senior,Full-Time,Analytics Engineer,125000,US,Fully Remote,US,Medium,165674
2024,Senior,Full-Time,Data Engineer,220000,CA,On-Site,CA,Medium,149704
2024,Mid-Level,Full-Time,Business Intelligence,124000,US,Fully Remote,US,Medium,128114
2023,Senior,Full-Time,Data Analyst,161500,US,Fully Remote,US,Medium,122680
2023,Senior,Full-Time,Data Scientist,268000,US,On-Site,US,Medium,173369
2023,Senior,Full-Time,Data Analyst,149500,US,Fully Remote,US,Medium,122680
2023,Senior,Full-Time,Data Scientist,267100,US,Fully Remote,US,Medium,174953
2023,Senior,Full-Time,Data Scientist,225000,US,Fully Remote,US,Medium,174953
2023,Mid-Level,Full-Time,Data Analyst,112000,US,On-Site,US,Medium,106011
2022,Senior,Full-Time,ML Engineer,235000,US,Fully Remote,US,Medium,199001
2024,Senior,Full-Time,Data Scientist,185000,US,On-Site,US,Medium,171625
2024,Senior,Full-Time,Data Engineer,117000,US,On-Site,US,Medium,162159
2023,Senior,Full-Time,Analytics Engineer,110000,US,Fully Remote,US,Medium,165674
2024,Mid-Level,Full-Time,Data Analyst,65000,US,On-Site,US,Medium,107663
2023,Entry-Level,Full-Time,Data Engineer,130002,US,Fully Remote,US,Medium,108012
2022,Mid-Level,Full-Time,Data Analyst,124000,US,On-Site,US,Medium,99720
2024,Senior,Full-Time,Data Modeler,171210,CA,On-Site,CA,Medium,138002
2024,Senior,Full-Time,Data Engineer,205500,US,Fully Remote,US,Medium,159871
2023,Senior,Full-Time,Research Scientist,247600,US,On-Site,US,Large,204470
2023,Entry-Level,Full-Time,Data Scientist,16000,EC,Fully Remote,EC,Large,69089
2023,Mid-Level,Full-Time,Machine Learning Researcher,138700,US,On-Site,US,Medium,167675
2024,Entry-Level,Full-Time,Machine Learning Engineer,99500,US,On-Site,US,Medium,131922
2024,Senior,Full-Time,Data Scientist,255000,US,On-Site,US,Medium,171625
2023,Entry-Level,Full-Time,Analytics Engineer,37573,NL,Fully Remote,NL,Medium,45645
2022,Senior,Full-Time,Data Engineer,100000,US,On-Site,US,Medium,153391
2024,Senior,Full-Time,Data Scientist,165000,US,Fully Remote,US,Medium,175703
2023,Mid-Level,Full-Time,Data Scientist,136000,US,On-Site,US,Medium,140360
2023,Senior,Full-Time,Data Analyst,120000,US,On-Site,US,Medium,128320
2024,Senior,Full-Time,Data Engineer,90000,US,Fully Remote,US,Medium,159871
2024,Senior,Full-Time,Data Scientist,295490,US,On-Site,US,Medium,171625
2023,Senior,Full-Time,Data Scientist,174800,US,Fully Remote,US,Medium,174953
2023,Mid-Level,Full-Time,Data Scientist,150000,US,Fully Remote,US,Medium,141014
2023,Senior,Full-Time,Data Engineer,37788,PT,On-Site,PT,Medium,83061
2024,Senior,Full-Time,Research Scientist,278700,US,On-Site,US,Medium,215335
2023,Senior,Full-Time,Machine Learning Engineer,144800,US,On-Site,US,Medium,201918
2023,Senior,Full-Time,Machine Learning Engineer,309000,US,On-Site,US,Medium,201918
2023,Senior,Full-Time,Data Science,71200,US,On-Site,US,Medium,157751
2024,Mid-Level,Full-Time,Data Scientist,176000,US,Fully Remote,US,Medium,138704
2024,Entry-Level,Full-Time,Quantitative Research Analyst,51000,US,On-Site,US,Medium,86418
2023,Senior,Full-Time,Data Engineer,106800,US,On-Site,US,Medium,163312
2024,Senior,Full-Time,Data Engineer,166000,US,On-Site,US,Medium,162159
2024,Senior,Full-Time,Research Engineer,120000,US,Fully Remote,US,Medium,184806
2023,Senior,Full-Time,Data Analyst,115000,US,Fully Remote,US,Medium,122680
2023,Senior,Full-Time,Data Science,59200,US,On-Site,US,Medium,157751
2024,Senior,Full-Time,Machine Learning Engineer,189000,US,On-Site,US,Medium,204712
2023,Mid-Level,Full-Time,Data Developer,95000,US,On-Site,US,Medium,121839
2023,Senior,Full-Time,Research Engineer,273000,US,On-Site,US,Medium,207266
2024,Senior,Full-Time,Data Scientist,199000,US,On-Site,US,Medium,171625
2023,Senior,Full-Time,Machine Learning Engineer,283200,US,On-Site,US,Medium,201918
2022,Senior,Full-Time,Data Analyst,117000,US,Fully Remote,US,Medium,118871
2024,Senior,Full-Time,Analytics Engineer,130000,US,On-Site,US,Medium,179474
2023,Senior,Full-Time,Data Engineer,100706,US,On-Site,US,Medium,163312
2024,Senior,Full-Time,Research Engineer,176700,US,On-Site,US,Medium,215335
2023,Senior,Full-Time,Data Engineer,169280,US,Fully Remote,US,Medium,158529
2024,Entry-Level,Full-Time,Data Management Analyst,60000,US,On-Site,US,Medium,88977
2024,Senior,Full-Time,Data Engineer,191857,US,On-Site,US,Medium,162159
2023,Senior,Full-Time,Data Engineer,105700,US,On-Site,US,Large,163396
2023,Senior,Full-Time,Data Scientist,123900,US,Fully Remote,US,Medium,174953
2023,Senior,Full-Time,Data Specialist,173100,US,On-Site,US,Medium,127869
2022,Senior,Full-Time,Data Scientist,185900,US,On-Site,US,Medium,152924
2024,Senior,Full-Time,Data Scientist,81250,GB,Fully Remote,GB,Medium,116723
2024,Mid-Level,Full-Time,Data Engineer,214300,US,On-Site,US,Medium,137171
2023,Senior,Full-Time,Data Scientist,120250,GB,On-Site,GB,Medium,123539
2024,Senior,Full-Time,Data Engineer,221000,US,On-Site,US,Medium,162159
2023,Senior,Full-Time,Data Engineer,187100,US,On-Site,US,Medium,163312
2024,Entry-Level,Full-Time,Data Analyst,112000,US,On-Site,US,Medium,93773
2022,Senior,Full-Time,Machine Learning Engineer,193900,US,On-Site,US,Medium,176778
2023,Senior,Full-Time,Machine Learning Engineer,199000,US,Fully Remote,US,Medium,188539
2023,Senior,Full-Time,Data Scientist,104000,US,Fully Remote,US,Medium,174953
2023,Executive,Full-Time,Director of Data Science,184560,GB,Fully Remote,GB,Medium,165665
2023,Senior,Full-Time,Applied Scientist,154836,US,Fully Remote,US,Medium,192908
2024,Senior,Full-Time,Data Lead,135000,US,Fully Remote,US,Medium,121555
2024,Senior,Full-Time,Machine Learning Engineer,166000,US,On-Site,US,Medium,204712
2022,Senior,Full-Time,Data Engineer,138750,US,Fully Remote,US,Medium,157016
2024,Mid-Level,Full-Time,Data Strategist,100000,US,On-Site,US,Medium,99453
2023,Senior,Full-Time,Data Scientist,113750,IE,On-Site,IE,Medium,120878
2022,Senior,Full-Time,Data Analyst,50432,ES,On-Site,ES,Medium,43711
2023,Senior,Full-Time,Data Scientist,199000,US,On-Site,US,Medium,173369
2023,Entry-Level,Full-Time,Research Analyst,43064,GB,On-Site,GB,Medium,65676
2023,Senior,Full-Time,Data Engineer,116000,US,On-Site,US,Medium,163312
2024,Entry-Level,Full-Time,Data Analyst,181610,US,On-Site,US,Medium,93773
2024,Senior,Full-Time,Data Analyst,173000,US,On-Site,US,Medium,130006
2023,Senior,Full-Time,Data Architect,159500,US,On-Site,US,Medium,161326
2024,Mid-Level,Full-Time,Analytics Engineer,145000,US,Fully Remote,US,Medium,146437
2023,Mid-Level,Full-Time,Data Analyst,85000,US,On-Site,US,Medium,106011
2023,Senior,Full-Time,Data Scientist,112000,US,Fully Remote,US,Medium,174953
2024,Mid-Level,Full-Time,Data Scientist,180000,US,On-Site,US,Medium,135556
2023,Mid-Level,Full-Time,Data Science Manager,195000,US,On-Site,US,Medium,175104
2023,Entry-Level,Full-Time,Research Engineer,350000,US,On-Site,US,Medium,163156
2022,Mid-Level,Full-Time,Data Engineer,90000,US,Fully Remote,US,Medium,138127
2023,Mid-Level,Full-Time,AI Engineer,140000,US,Fully Remote,US,Small,129012
2023,Senior,Full-Time,Machine Learning Engineer,216000,US,Fully Remote,US,Medium,188539
2023,Mid-Level,Full-Time,Data Engineer,125000,US,On-Site,US,Medium,141383
2024,Executive,Full-Time,Data Engineer,209309,US,On-Site,US,Medium,185494
2023,Senior,Full-Time,ML Engineer,287700,US,On-Site,US,Large,204613
2022,Mid-Level,Full-Time,Data Engineer,84053,ES,Fully Remote,ES,Medium,59736
2023,Mid-Level,Full-Time,Data Specialist,70000,US,On-Site,US,Medium,103265
2023,Senior,Full-Time,Data Engineer,111000,US,On-Site,US,Medium,163312
2024,Mid-Level,Full-Time,Data Engineer,210000,US,On-Site,US,Medium,137171
2024,Mid-Level,Full-Time,Data Scientist,198800,US,On-Site,US,Medium,135556
2023,Senior,Full-Time,Data Scientist,280000,US,Fully Remote,US,Medium,174953
2022,Mid-Level,Full-Time,Data Engineer,110446,LT,On-Site,LT,Medium,57748
2023,Senior,Full-Time,Data Analyst,84870,US,On-Site,US,Medium,128320
2024,Mid-Level,Full-Time,Data Developer,95000,US,On-Site,US,Medium,117626
2022,Mid-Level,Full-Time,Data Engineer,175000,US,Fully Remote,US,Medium,138127
2023,Senior,Full-Time,Data Engineer,142200,US,On-Site,US,Medium,163312
2024,Senior,Full-Time,Data Scientist,190000,US,Fully Remote,US,Medium,175703
2023,Senior,Full-Time,Machine Learning Engineer,130000,US,On-Site,US,Medium,201918
2024,Mid-Level,Full-Time,Data Scientist,62000,US,On-Site,US,Medium,135556
2024,Senior,Full-Time,Data Scientist,123740,US,On-Site,US,Medium,171625
2023,Senior,Full-Time,Data Engineer,161800,US,Fully Remote,US,Medium,158529
2023,Senior,Full-Time,Business Data Analyst,78000,US,Fully Remote,US,Large,129935
2023,Mid-Level,Full-Time,ETL Engineer,86128,GB,Fully Remote,GB,Medium,82525
2023,Executive,Full-Time,Data Engineer,146000,US,On-Site,US,Medium,184765
2024,Senior,Full-Time,Data Analyst,96600,US,On-Site,US,Medium,130006
2023,Mid-Level,Full-Time,Data Scientist,120000,US,Fully Remote,US,Medium,141014
2024,Senior,Full-Time,Data Engineer,210000,US,Fully Remote,US,Medium,159871
2024,Senior,Full-Time,Machine Learning Engineer,85000,AR,Fully Remote,AR,Medium,90371
2023,Senior,Full-Time,Data Scientist,239900,US,Fully Remote,US,Medium,174953
2023,Mid-Level,Full-Time,Business Intelligence Engineer,185000,US,On-Site,US,Large,128255
2023,Senior,Full-Time,Data Analyst,112655,US,On-Site,US,Medium,128320
2023,Senior,Full-Time,Data Scientist,200000,US,Fully Remote,US,Medium,174953
2023,Senior,Full-Time,Data Scientist,224800,US,On-Site,US,Medium,173369
2023,Senior,Full-Time,Machine Learning Engineer,163800,US,On-Site,US,Medium,201918
2022,Senior,Full-Time,Machine Learning Engineer,192000,US,Fully Remote,US,Medium,178756
2023,Senior,Full-Time,Data Scientist,130000,US,Fully Remote,US,Medium,174953
2024,Entry-Level,Full-Time,Research Analyst,300000,US,Fully Remote,US,Medium,126073
2023,Senior,Full-Time,Machine Learning Engineer,218540,US,On-Site,US,Medium,201918
2022,Mid-Level,Full-Time,Data Scientist,131752,GB,Fully Remote,GB,Medium,83901
2023,Mid-Level,Full-Time,Data Analyst,167000,US,On-Site,US,Medium,106011
2024,Entry-Level,Full-Time,Research Analyst,80000,US,On-Site,US,Medium,130194
2023,Mid-Level,Full-Time,Machine Learning Engineer,175000,US,Fully Remote,US,Medium,155230
2023,Senior,Full-Time,Data Engineer,95000,CA,Fully Remote,CA,Medium,153416
2023,Mid-Level,Full-Time,BI Developer,128000,US,On-Site,US,Medium,108887
2023,Senior,Full-Time,Machine Learning Infrastructure Engineer,250000,US,On-Site,US,Medium,201877
2024,Senior,Full-Time,Data Scientist,149200,US,On-Site,US,Medium,171625
2024,Senior,Full-Time,Research Scientist,245400,US,On-Site,US,Medium,215335
2023,Senior,Full-Time,Research Scientist,150000,US,On-Site,US,Medium,207266
2023,Mid-Level,Full-Time,Machine Learning Engineer,165000,US,On-Site,US,Medium,167075
2024,Senior,Full-Time,Data Engineer,128656,US,On-Site,US,Medium,162159
2023,Senior,Full-Time,Data Architect,153000,US,Fully Remote,US,Medium,173332
2023,Senior,Full-Time,Data Scientist,239000,US,On-Site,US,Medium,173369
2024,Senior,Full-Time,Data Scientist,247600,US,On-Site,US,Large,168284
2023,Executive,Full-Time,Data Analytics Manager,155000,US,On-Site,US,Medium,171802
2023,Senior,Full-Time,Data Science Consultant,122000,US,On-Site,US,Medium,141588
2023,Senior,Full-Time,Data Scientist,240350,US,Fully Remote,US,Medium,174953
2024,Senior,Full-Time,Machine Learning Engineer,153040,US,On-Site,US,Medium,204712
2024,Senior,Full-Time,Data Analyst,88670,US,On-Site,US,Medium,130006
2024,Senior,Full-Time,Data Science,179000,US,On-Site,US,Medium,164623
2023,Senior,Full-Time,Machine Learning Engineer,170045,US,On-Site,US,Medium,201918
2023,Senior,Full-Time,Data Science,144000,US,On-Site,US,Medium,157751
2024,Mid-Level,Full-Time,Data Analyst,77280,US,On-Site,US,Medium,107663
2023,Senior,Full-Time,Data Scientist,167441,US,Fully Remote,US,Medium,174953
2024,Senior,Full-Time,Data Analyst,96000,US,On-Site,US,Medium,130006
2024,Mid-Level,Full-Time,Machine Learning Scientist,150000,US,On-Site,US,Medium,165922
2023,Executive,Full-Time,Data Scientist,200000,US,On-Site,US,Medium,183955
2023,Senior,Full-Time,Data Operations Engineer,289120,US,On-Site,US,Medium,191947
2024,Mid-Level,Full-Time,BI Developer,158000,US,On-Site,US,Medium,110038
2023,Senior,Full-Time,Data Scientist,212750,US,Fully Remote,US,Medium,174953
2023,Senior,Full-Time,Data Science Manager,138750,US,Fully Remote,US,Medium,205920
2023,Mid-Level,Full-Time,Data Analyst,60000,US,On-Site,US,Medium,106011
2023,Senior,Full-Time,Data Engineer,162000,US,Fully Remote,US,Medium,158529
2024,Senior,Full-Time,Research Engineer,237650,US,On-Site,US,Medium,215335
2023,Mid-Level,Full-Time,Data Analyst,79976,GB,Fully Remote,GB,Medium,63421
2023,Entry-Level,Full-Time,Data Engineer,220000,US,On-Site,US,Medium,111560
2024,Mid-Level,Full-Time,Data Scientist,127500,US,Fully Remote,US,Medium,138704
2023,Senior,Full-Time,Computer Vision Engineer,170000,US,On-Site,US,Medium,199001
2022,Mid-Level,Full-Time,Data Analyst,52500,US,On-Site,US,Medium,99720
2023,Senior,Full-Time,Data Scientist,173200,US,On-Site,US,Medium,173369
2023,Senior,Full-Time,Analytics Engineer,144000,CA,Fully Remote,CA,Medium,215890
2022,Senior,Full-Time,Data Architect,135000,US,Fully Remote,US,Medium,172398
2023,Senior,Full-Time,Data Analyst,62000,US,On-Site,US,Medium,128320
2024,Executive,Full-Time,Data Engineer,136000,US,Fully Remote,US,Medium,213717
2024,Senior,Full-Time,Data Analyst,117725,US,Fully Remote,US,Medium,129854
2024,Senior,Full-Time,Data Scientist,80000,US,On-Site,US,Medium,171625
2024,Senior,Full-Time,Data Engineer,204300,US,On-Site,US,Medium,162159
2023,Mid-Level,Full-Time,Data Engineer,202400,US,On-Site,US,Medium,141383
2020,Senior,Full-Time,Staff Data Scientist,164000,US,Hybrid,US,Medium,186318
2024,Mid-Level,Full-Time,Data Analytics Manager,88000,US,On-Site,US,Medium,126355
2024,Executive,Full-Time,Machine Learning Engineer,233500,US,On-Site,US,Medium,232259
2024,Senior,Full-Time,Data Scientist,175000,US,On-Site,US,Medium,171625
2023,Mid-Level,Full-Time,Data Engineer,151410,US,On-Site,US,Medium,141383
2023,Senior,Full-Time,Data Analyst,15809,IN,Fully Remote,IN,Small,27122
2022,Senior,Full-Time,Data Engineer,275000,US,Fully Remote,US,Medium,157016
2023,Senior,Full-Time,Business Intelligence Developer,140000,CA,Fully Remote,CA,Medium,126262
2024,Mid-Level,Full-Time,Data Strategist,65000,US,On-Site,US,Medium,99453
2023,Senior,Full-Time,Data Engineer,160000,CA,Fully Remote,CA,Medium,153416
2022,Senior,Full-Time,Data Scientist,88100,US,On-Site,US,Medium,152924
2023,Senior,Full-Time,Data Engineer,96000,US,Fully Remote,US,Medium,158529
2023,Senior,Full-Time,Research Scientist,225000,US,On-Site,US,Medium,207266
2023,Senior,Full-Time,Research Engineer,225000,US,On-Site,US,Medium,207266
2024,Entry-Level,Full-Time,Data Reporting Analyst,90300,US,On-Site,US,Medium,93622
2023,Mid-Level,Full-Time,Data Manager,109000,US,On-Site,US,Medium,113649
2023,Senior,Full-Time,Data Analyst,128500,US,On-Site,US,Medium,128320
2022,Senior,Full-Time,Data Engineer,177600,US,Fully Remote,US,Large,159676
2024,Mid-Level,Full-Time,Business Intelligence Engineer,65800,US,On-Site,US,Large,126816
2022,Entry-Level,Full-Time,Machine Learning Research Engineer,66192,DE,Hybrid,DE,Large,55555
2024,Senior,Full-Time,Data Engineer,47500,GB,Fully Remote,GB,Medium,93518
2023,Mid-Level,Full-Time,Data Engineer,48585,SI,Fully Remote,SI,Medium,53314
2023,Senior,Full-Time,Data Scientist,168400,US,On-Site,US,Medium,173369
2024,Senior,Full-Time,Business Intelligence Engineer,156476,US,Fully Remote,US,Medium,131792
2024,Mid-Level,Full-Time,Data Analyst,61800,US,Fully Remote,US,Medium,107696
2024,Mid-Level,Full-Time,Data Scientist,161875,US,On-Site,US,Medium,135556
2024,Mid-Level,Full-Time,Data Engineer,121800,US,On-Site,US,Medium,137171
2023,Executive,Full-Time,Head of Data,269600,US,Fully Remote,US,Medium,240695
2024,Senior,Full-Time,Machine Learning Engineer,315000,US,Fully Remote,US,Medium,196074
2023,Mid-Level,Full-Time,Data Scientist,142200,US,On-Site,US,Medium,140360
2023,Senior,Full-Time,Machine Learning Engineer,266500,US,On-Site,US,Medium,201918
2024,Entry-Level,Full-Time,Data Engineer,50666,LT,On-Site,LT,Medium,49146
2023,Senior,Full-Time,Data Engineer,203100,US,On-Site,US,Medium,163312
2022,Mid-Level,Full-Time,Data Scientist,54000,BR,Fully Remote,BR,Medium,73712
2024,Mid-Level,Full-Time,Data Engineer,121000,US,On-Site,US,Medium,137171
2023,Mid-Level,Full-Time,Data Scientist,116000,US,On-Site,US,Medium,140360
2023,Senior,Full-Time,Analytics Engineer,110000,CA,On-Site,CA,Medium,167056
2023,Senior,Full-Time,Applied Scientist,138600,US,On-Site,US,Medium,186452
2022,Senior,Full-Time,Data Scientist,198440,US,Fully Remote,US,Medium,163950
2022,Senior,Full-Time,Lead Machine Learning Engineer,69344,PT,Fully Remote,PT,Large,98437
2023,Mid-Level,Full-Time,Data Analyst,58500,US,On-Site,US,Medium,106011
2023,Entry-Level,Full-Time,Data Scientist,150000,US,On-Site,US,Medium,111924
2024,Senior,Full-Time,Data Scientist,92300,US,On-Site,US,Medium,171625
2024,Senior,Full-Time,Research Scientist,85469,US,Fully Remote,US,Medium,187715
2024,Mid-Level,Full-Time,Data Engineer,106250,GB,On-Site,GB,Medium,75449
2024,Executive,Full-Time,Data Engineer,163500,US,On-Site,US,Medium,185494
2022,Senior,Full-Time,Data Engineer,43096,GB,Fully Remote,GB,Medium,93702
2022,Mid-Level,Full-Time,Analytics Engineer,100000,US,Fully Remote,US,Medium,126099
2024,Mid-Level,Full-Time,Data Scientist,112000,US,On-Site,US,Medium,135556
2023,Mid-Level,Full-Time,Data Scientist,120000,US,On-Site,US,Medium,140360
2023,Mid-Level,Full-Time,Director of Data Science,192000,US,On-Site,US,Medium,202171
2024,Entry-Level,Full-Time,Data Analyst,74300,US,On-Site,US,Medium,93773
2023,Mid-Level,Full-Time,Machine Learning Engineer,287500,AU,On-Site,AU,Medium,180469
2024,Senior,Full-Time,Data Scientist,112000,US,On-Site,US,Medium,171625
2024,Senior,Full-Time,Data Engineer,207300,US,On-Site,US,Medium,162159
2023,Senior,Full-Time,Research Engineer,157000,US,On-Site,US,Medium,207266
2023,Mid-Level,Full-Time,Machine Learning Engineer,175000,US,On-Site,US,Medium,167075
2023,Mid-Level,Full-Time,Data Scientist,115000,US,Fully Remote,US,Medium,141014
2024,Entry-Level,Full-Time,Data Analyst,56100,NL,On-Site,NL,Medium,44318
2024,Senior,Full-Time,Data Scientist,210000,US,On-Site,US,Medium,171625
2023,Senior,Full-Time,Data Science Engineer,160000,US,Fully Remote,US,Medium,165418
2023,Senior,Full-Time,Data Scientist,175000,US,Fully Remote,US,Medium,174953
2023,Senior,Full-Time,Data Scientist,197000,CA,On-Site,CA,Medium,154796
2021,Mid-Level,Full-Time,AI Scientist,30000,GH,On-Site,GH,Small,23532
2023,Senior,Full-Time,Data Scientist,310270,US,On-Site,US,Medium,173369
2024,Senior,Full-Time,Analytics Engineer,150000,US,On-Site,US,Medium,179474
2024,Senior,Full-Time,Data Science,243000,US,On-Site,US,Medium,164623
2023,Entry-Level,Full-Time,Data Analyst,150000,US,On-Site,US,Medium,86195
2022,Mid-Level,Full-Time,Data Scientist,92350,GB,On-Site,GB,Medium,84763
2023,Senior,Full-Time,ML Engineer,238000,US,Fully Remote,US,Medium,208784
2024,Senior,Full-Time,Machine Learning Engineer,235000,US,On-Site,US,Medium,204712
2024,Senior,Full-Time,Lead Machine Learning Engineer,77777,FI,Hybrid,FI,Large,98349
2023,Senior,Full-Time,Data Engineer,291500,US,On-Site,US,Medium,163312
2024,Senior,Full-Time,ML Engineer,137500,GB,On-Site,GB,Small,142045
2023,Mid-Level,Full-Time,Data Analyst,206000,US,On-Site,US,Medium,106011
2022,Mid-Level,Full-Time,Data Scientist,67723,GB,On-Site,GB,Medium,84763
2024,Senior,Full-Time,Machine Learning Engineer,129000,US,On-Site,US,Medium,204712
2023,Senior,Full-Time,Data Lead,225000,US,On-Site,US,Medium,227860
2022,Senior,Full-Time,Data Analyst,113000,US,Fully Remote,US,Medium,118871
2024,Executive,Full-Time,Data Science,220000,US,Fully Remote,US,Medium,218979
2024,Senior,Full-Time,Machine Learning Engineer,170000,US,Fully Remote,US,Medium,196074
2023,Senior,Full-Time,Data Scientist,205000,US,Fully Remote,US,Medium,174953
2024,Senior,Full-Time,Data Engineer,135000,US,Fully Remote,US,Medium,159871
2023,Senior,Full-Time,Data Analyst,157500,US,Fully Remote,US,Medium,122680
2023,Senior,Full-Time,Data Engineer,126900,US,On-Site,US,Medium,163312
2024,Entry-Level,Full-Time,Research Analyst,219000,US,On-Site,US,Medium,130194
2023,Senior,Full-Time,Data Scientist,180000,US,Fully Remote,US,Medium,174953
2022,Senior,Full-Time,Data Engineer,106800,US,On-Site,US,Medium,153391
2023,Senior,Full-Time,Machine Learning Engineer,331640,US,On-Site,US,Medium,201918
2023,Senior,Full-Time,Research Scientist,175000,US,On-Site,US,Medium,207266
2023,Senior,Full-Time,Data Science Manager,245100,US,On-Site,US,Medium,223501
2021,Senior,Full-Time,Staff Machine Learning Engineer,185000,US,Hybrid,US,Medium,180224
2024,Entry-Level,Full-Time,Data Analyst,63000,US,On-Site,US,Medium,93773
2024,Mid-Level,Full-Time,Data Science,106500,US,On-Site,US,Medium,139634
2023,Senior,Full-Time,Data Scientist,238000,CA,Fully Remote,CA,Medium,159714
2024,Mid-Level,Full-Time,Data Analyst,195600,US,Fully Remote,US,Medium,107696
2024,Senior,Full-Time,Data Lead,140000,US,On-Site,US,Medium,124308
2023,Entry-Level,Full-Time,Research Analyst,43500,US,Fully Remote,US,Medium,91654
2024,Mid-Level,Full-Time,Data Integration Engineer,110000,US,On-Site,US,Medium,117812
2022,Senior,Full-Time,Data Analyst,127000,US,Fully Remote,US,Medium,118871
2023,Mid-Level,Full-Time,Data Scientist,123040,GB,On-Site,GB,Medium,91460
2024,Senior,Full-Time,Data Engineer,66666,PL,Fully Remote,PL,Medium,79191
2023,Senior,Full-Time,Data Scientist,228000,US,On-Site,US,Medium,173369
2023,Mid-Level,Full-Time,Data Analyst,72400,GB,On-Site,GB,Medium,70536
2022,Senior,Full-Time,Data Engineer,195700,US,On-Site,US,Medium,153391
2024,Entry-Level,Full-Time,Machine Learning Engineer,125000,US,On-Site,US,Medium,131922
2023,Senior,Full-Time,Research Scientist,303050,US,On-Site,US,Medium,207266
2024,Executive,Full-Time,Head of Machine Learning,245000,US,On-Site,US,Medium,298958
2023,Senior,Full-Time,Data Engineer,213600,US,On-Site,US,Medium,163312
2022,Mid-Level,Full-Time,Data Analyst,80000,US,On-Site,US,Medium,99720
2024,Senior,Full-Time,Research Scientist,500000,US,Fully Remote,US,Medium,187715
2024,Mid-Level,Full-Time,Data Scientist,54552,US,On-Site,US,Medium,135556
2023,Senior,Full-Time,Data Quality Analyst,100000,US,On-Site,US,Medium,125912
2022,Mid-Level,Full-Time,Machine Learning Engineer,130000,US,On-Site,US,Medium,154622
2024,Mid-Level,Full-Time,Data Engineer,80420,US,On-Site,US,Medium,137171
2022,Senior,Full-Time,Machine Learning Engineer,210000,US,Fully Remote,US,Medium,178756
2023,Mid-Level,Full-Time,Machine Learning Scientist,200000,US,On-Site,US,Small,160702
2023,Senior,Full-Time,Data Analyst,121600,US,Fully Remote,US,Medium,122680
2024,Mid-Level,Full-Time,Data Engineer,150000,US,Fully Remote,US,Medium,136086
2023,Senior,Full-Time,Data Science Manager,231250,US,Fully Remote,US,Medium,205920
2023,Senior,Full-Time,Data Scientist,172758,US,Fully Remote,US,Medium,174953
2024,Mid-Level,Full-Time,Data Scientist,90500,US,Fully Remote,US,Medium,138704
2024,Senior,Full-Time,Data Scientist,105000,US,Fully Remote,US,Medium,175703
2023,Senior,Full-Time,Data Analyst,127075,US,Fully Remote,US,Medium,122680
2023,Senior,Full-Time,Data Analyst,61520,GB,On-Site,GB,Medium,91001
2023,Senior,Full-Time,Research Scientist,323300,US,On-Site,US,Medium,207266
2022,Senior,Full-Time,Data Scientist,205000,US,On-Site,US,Medium,152924
2023,Mid-Level,Full-Time,Business Intelligence Engineer,185000,US,On-Site,US,Medium,121715
2023,Senior,Full-Time,Analytics Engineer,167000,US,On-Site,US,Medium,176399
2023,Senior,Full-Time,Data Science,207900,US,On-Site,US,Medium,157751
2023,Senior,Full-Time,Machine Learning Engineer,221000,US,On-Site,US,Medium,201918
2023,Entry-Level,Full-Time,Data Analyst,32974,GB,On-Site,GB,Medium,53627
2023,Mid-Level,Full-Time,Machine Learning Scientist,230000,US,On-Site,US,Medium,167675
2023,Entry-Level,Full-Time,Data Analyst,115000,US,On-Site,US,Medium,86195
2024,Mid-Level,Full-Time,Data Integration Specialist,93750,GB,Fully Remote,GB,Medium,69376
2023,Mid-Level,Full-Time,Data Engineer,140000,US,On-Site,US,Medium,141383
2023,Senior,Full-Time,Data Scientist,196000,US,On-Site,US,Medium,173369
2023,Senior,Full-Time,Data Infrastructure Engineer,145000,US,On-Site,US,Medium,177733
2023,Mid-Level,Full-Time,AI Scientist,81838,AU,Fully Remote,AU,Large,203987
2023,Senior,Full-Time,Data Architect,180000,US,On-Site,US,Medium,161326
2023,Mid-Level,Full-Time,Data Analyst,95400,US,Fully Remote,US,Medium,100557
2023,Mid-Level,Full-Time,Data Analyst,120000,US,Fully Remote,US,Medium,100557
2023,Senior,Full-Time,Data Analyst,192300,US,Fully Remote,US,Medium,122680
2024,Entry-Level,Full-Time,Research Analyst,115000,US,Fully Remote,US,Medium,126073
2023,Mid-Level,Full-Time,Data Scientist,107682,US,On-Site,US,Medium,140360
2023,Senior,Full-Time,Machine Learning Engineer,186000,US,On-Site,US,Medium,201918
2024,Senior,Full-Time,Data Architect,110000,US,On-Site,US,Medium,167461
2023,Mid-Level,Full-Time,Data Engineer,103000,US,On-Site,US,Medium,141383
2023,Mid-Level,Full-Time,Machine Learning Engineer,73100,US,On-Site,US,Medium,167075
2023,Mid-Level,Full-Time,Research Engineer,100000,US,Fully Remote,US,Medium,158237
2024,Mid-Level,Full-Time,Research Engineer,128000,US,On-Site,US,Medium,173952
2023,Executive,Full-Time,Data Engineer,94000,US,On-Site,US,Medium,184765
2024,Senior,Full-Time,Data Engineer,125000,GB,On-Site,GB,Medium,95173
2024,Senior,Full-Time,Business Intelligence Analyst,148300,US,On-Site,US,Medium,138010
2024,Senior,Full-Time,Data Engineer,200000,US,On-Site,US,Medium,162159
2024,Senior,Full-Time,AI Engineer,287500,US,On-Site,US,Medium,173098
2023,Mid-Level,Full-Time,Data Analyst,50000,US,Fully Remote,US,Medium,100557
2023,Senior,Full-Time,ML Engineer,275000,DE,On-Site,DE,Medium,168077
2023,Senior,Full-Time,Research Scientist,90700,US,On-Site,US,Medium,207266
2023,Mid-Level,Full-Time,Data Analyst,33686,EE,On-Site,EE,Medium,38807
2024,Senior,Full-Time,Data Scientist,81410,CA,On-Site,CA,Medium,153535
2023,Entry-Level,Full-Time,Data DevOps Engineer,47918,NL,Hybrid,NL,Large,47065
2024,Senior,Full-Time,Research Scientist,123765,US,Fully Remote,US,Medium,187715
2024,Mid-Level,Full-Time,Data Scientist,116259,AU,On-Site,AU,Medium,113694
2024,Mid-Level,Full-Time,Machine Learning Engineer,260100,US,Fully Remote,US,Medium,159909
2023,Senior,Full-Time,Machine Learning Engineer,210200,US,Fully Remote,US,Medium,188539
2024,Senior,Full-Time,Research Scientist,440000,US,On-Site,US,Medium,215335
2022,Senior,Full-Time,Data Scientist,120000,US,On-Site,US,Medium,152924
2023,Senior,Full-Time,Data Engineer,254000,US,Fully Remote,US,Medium,158529
2023,Senior,Full-Time,Machine Learning Engineer,253000,US,Fully Remote,US,Medium,188539
2023,Senior,Full-Time,Research Engineer,240000,US,Fully Remote,US,Medium,185963
2023,Senior,Full-Time,Machine Learning Engineer,109400,US,On-Site,US,Medium,201918
2024,Senior,Full-Time,ETL Developer,53300,US,On-Site,US,Medium,117186
2024,Senior,Full-Time,Machine Learning Scientist,252000,US,On-Site,US,Medium,204638
2024,Mid-Level,Full-Time,Data Science,142500,US,Fully Remote,US,Medium,139991
2022,Entry-Level,Full-Time,Data Engineer,160000,US,On-Site,US,Medium,105012
2024,Mid-Level,Full-Time,Data Scientist,144650,US,On-Site,US,Medium,135556
2023,Senior,Full-Time,Business Intelligence Engineer,172200,US,On-Site,US,Medium,142464
2024,Senior,Full-Time,Machine Learning Engineer,234700,US,On-Site,US,Medium,204712
2023,Senior,Full-Time,Data Analyst,67000,US,Fully Remote,US,Medium,122680
2022,Senior,Full-Time,Data Scientist,160000,US,On-Site,US,Large,153009
2024,Senior,Full-Time,Data Scientist,226000,US,On-Site,US,Medium,171625
2023,Senior,Full-Time,Analytics Engineer,214200,US,On-Site,US,Medium,176399
2024,Senior,Full-Time,Computational Biologist,186153,CA,On-Site,CA,Medium,169608
2024,Executive,Full-Time,Data Analyst,160000,US,On-Site,US,Medium,135608
2023,Senior,Full-Time,Machine Learning Scientist,180000,US,On-Site,US,Medium,202477
2024,Senior,Full-Time,Data Analyst,132974,US,On-Site,US,Medium,130006
2023,Senior,Full-Time,Data Scientist,178000,US,Fully Remote,US,Medium,174953
2023,Senior,Full-Time,Data Engineer,214500,US,On-Site,US,Medium,163312
2023,Mid-Level,Full-Time,Data Scientist,51676,GB,On-Site,GB,Medium,91460
2023,Senior,Full-Time,Data Science Engineer,220000,US,Fully Remote,US,Medium,165418
2023,Senior,Full-Time,Business Intelligence Engineer,100000,US,On-Site,US,Medium,142464
2024,Senior,Full-Time,Business Intelligence Analyst,42457,ZA,On-Site,ZA,Medium,70121
2023,Executive,Full-Time,Data Scientist,258750,US,On-Site,US,Medium,183955
2024,Senior,Full-Time,AI Engineer,200000,US,Fully Remote,US,Medium,159907
2023,Senior,Full-Time,Data Analyst,125000,US,On-Site,US,Medium,128320
2024,Mid-Level,Full-Time,Data Scientist,93300,US,On-Site,US,Medium,135556
2024,Senior,Part-Time,Data Architect,212000,US,On-Site,US,Medium,180406
2023,Senior,Full-Time,Data Architect,222000,US,Fully Remote,US,Medium,173332
2024,Executive,Full-Time,Data Engineer,219650,US,Fully Remote,US,Medium,213717
2023,Senior,Full-Time,Data Manager,105200,US,On-Site,US,Medium,135577
2023,Senior,Full-Time,Data Engineer,275000,US,On-Site,US,Medium,163312
2023,Senior,Full-Time,Machine Learning Scientist,138000,US,Fully Remote,US,Medium,185503
2023,Senior,Full-Time,Data Analyst,166000,US,On-Site,US,Medium,128320
2024,Senior,Full-Time,Data Analyst,134200,US,Fully Remote,US,Medium,129854
2023,Mid-Level,Full-Time,Data Analyst,115000,US,Fully Remote,US,Medium,100557
2023,Senior,Full-Time,Data Scientist,308000,US,On-Site,US,Medium,173369
2023,Senior,Full-Time,Data Architect,206000,US,On-Site,US,Medium,161326
2022,Mid-Level,Full-Time,Data Scientist,172386,GB,On-Site,GB,Medium,84763
2022,Senior,Full-Time,Data Engineer,42026,PT,On-Site,PT,Medium,75347
2024,Senior,Full-Time,Data Architect,178600,US,On-Site,US,Medium,167461
2024,Entry-Level,Full-Time,Data Analyst,93000,US,On-Site,US,Medium,93773
2023,Senior,Full-Time,Business Intelligence Analyst,125000,US,On-Site,US,Medium,138060
2023,Senior,Full-Time,Data Scientist,146000,US,Fully Remote,US,Medium,174953
2023,Mid-Level,Full-Time,Analytics Engineer,112400,GB,On-Site,GB,Medium,101589
2023,Senior,Full-Time,Data Scientist,164000,US,On-Site,US,Medium,173369
2023,Senior,Full-Time,Data Analyst,119636,US,On-Site,US,Medium,128320
2024,Senior,Full-Time,Data Analyst,73100,US,On-Site,US,Medium,130006
2023,Mid-Level,Full-Time,Research Scientist,165000,US,Fully Remote,US,Medium,171266
2023,Senior,Full-Time,Data Analyst,78400,US,Fully Remote,US,Large,125524
2023,Senior,Full-Time,Research Scientist,170000,US,On-Site,US,Medium,207266
2023,Senior,Full-Time,Research Engineer,142600,US,On-Site,US,Medium,207266
2023,Senior,Full-Time,Data Engineer,185900,US,On-Site,US,Medium,163312
2023,Senior,Full-Time,AI Architect,204000,US,On-Site,US,Medium,281241
2024,Entry-Level,Full-Time,Data Science,26000,RO,Fully Remote,RO,Large,45051
2023,Executive,Full-Time,Data Engineer,175000,US,On-Site,US,Medium,184765
2023,Senior,Full-Time,Data Scientist,133300,US,On-Site,US,Medium,173369
2022,Senior,Full-Time,Machine Learning Engineer,68293,IE,Fully Remote,IE,Small,79740
2023,Mid-Level,Freelance,Business Data Analyst,36000,GH,On-Site,GH,Small,37513
2024,Mid-Level,Full-Time,Analytics Engineer,154100,US,On-Site,US,Medium,148408
2023,Senior,Full-Time,Data Engineer,107500,US,Fully Remote,US,Medium,158529
2024,Senior,Full-Time,Machine Learning Engineer,159000,US,On-Site,US,Medium,204712
2024,Senior,Full-Time,Data Architect,187500,US,On-Site,US,Medium,167461
2024,Mid-Level,Full-Time,Data Engineer,68750,GB,On-Site,GB,Medium,75449
2024,Senior,Full-Time,Robotics Software Engineer,160000,US,On-Site,US,Medium,225722
2023,Senior,Full-Time,Machine Learning Engineer,132870,GB,On-Site,GB,Medium,169452
2023,Senior,Full-Time,Applied Scientist,184000,US,Fully Remote,US,Medium,192908
2022,Senior,Full-Time,Machine Learning Engineer,180000,US,Fully Remote,US,Medium,178756
2023,Senior,Full-Time,Data Scientist,209300,US,Fully Remote,US,Medium,174953
2023,Mid-Level,Full-Time,Machine Learning Engineer,247500,US,On-Site,US,Medium,167075
2023,Senior,Full-Time,Data Analyst,138800,US,On-Site,US,Medium,128320
2024,Senior,Full-Time,Data Engineer,123000,US,On-Site,US,Medium,162159
2024,Senior,Full-Time,Data Scientist,136300,US,On-Site,US,Medium,171625
2023,Senior,Full-Time,Data Analytics Manager,190000,US,On-Site,US,Medium,146660
2024,Senior,Full-Time,Research Scientist,180000,US,On-Site,US,Medium,215335
2023,Senior,Full-Time,Data Engineer,154000,US,On-Site,US,Medium,163312
2023,Mid-Level,Full-Time,Analytics Engineer,90000,US,Fully Remote,US,Medium,149627
2023,Mid-Level,Full-Time,Research Scientist,198340,GB,On-Site,GB,Medium,162191
2024,Mid-Level,Full-Time,Data Scientist,111000,US,On-Site,US,Medium,135556
2023,Senior,Full-Time,Research Scientist,105200,US,On-Site,US,Medium,207266
2022,Senior,Full-Time,Machine Learning Engineer,120000,US,On-Site,US,Medium,176778
2024,Senior,Full-Time,Data Scientist,87500,GB,On-Site,GB,Medium,114350
2024,Senior,Full-Time,Data Architect,190196,US,On-Site,US,Medium,167461
2023,Senior,Full-Time,Data Analyst,192000,US,Fully Remote,US,Medium,122680
2024,Senior,Full-Time,AI Engineer,210000,US,On-Site,US,Medium,173098
2024,Senior,Full-Time,Research Engineer,150000,GB,On-Site,GB,Medium,210944
2022,Senior,Full-Time,Data Engineer,120000,US,Fully Remote,US,Medium,157016
2022,Senior,Full-Time,Data Scientist,55000,US,Fully Remote,US,Small,126617
2022,Entry-Level,Full-Time,Machine Learning Engineer,35093,GB,Fully Remote,GB,Large,56950
2024,Senior,Full-Time,Data Scientist,720000,US,Fully Remote,US,Medium,175703
2023,Senior,Full-Time,Data Scientist,111000,US,On-Site,US,Medium,173369
2023,Mid-Level,Full-Time,Machine Learning Engineer,49216,GB,Fully Remote,GB,Medium,86180
2023,Mid-Level,Full-Time,Data Engineer,95000,US,On-Site,US,Medium,141383
2023,Senior,Full-Time,Data Science,145000,US,On-Site,US,Medium,157751
2023,Mid-Level,Full-Time,BI Developer,76300,US,On-Site,US,Medium,108887
2023,Entry-Level,Full-Time,Data Analyst,82400,US,Fully Remote,US,Medium,79277
2022,Entry-Level,Full-Time,Data Science Consultant,27317,ES,Hybrid,ES,Large,17855
2023,Senior,Full-Time,Data Scientist,150931,US,On-Site,US,Medium,173369
2023,Mid-Level,Full-Time,Data Analyst,42400,US,On-Site,US,Medium,106011
2023,Entry-Level,Full-Time,Research Scientist,200000,US,Fully Remote,US,Medium,150945
2023,Senior,Full-Time,Machine Learning Engineer,214500,US,On-Site,US,Medium,201918
2023,Mid-Level,Full-Time,Data Scientist,70000,US,On-Site,US,Medium,140360
2024,Senior,Full-Time,Data Engineer,81250,GB,On-Site,GB,Medium,95173
2024,Senior,Full-Time,Machine Learning Engineer,150000,US,On-Site,US,Medium,204712
2023,Senior,Full-Time,Data Engineer,232960,US,On-Site,US,Medium,163312
2023,Executive,Full-Time,Data Analytics Manager,140000,US,On-Site,US,Medium,171802
2023,Senior,Full-Time,Machine Learning Engineer,225000,US,On-Site,US,Medium,201918
2023,Senior,Full-Time,Machine Learning Engineer,113366,DE,Hybrid,DE,Large,126114
2024,Entry-Level,Full-Time,Data Analyst,45700,US,On-Site,US,Medium,93773
2023,Mid-Level,Full-Time,Data Engineer,147500,US,On-Site,US,Medium,141383
2022,Mid-Level,Full-Time,Data Analyst,165000,US,On-Site,US,Medium,99720
2024,Mid-Level,Full-Time,Data Science,137500,US,On-Site,US,Medium,139634
2024,Mid-Level,Full-Time,Data Analyst,140000,US,On-Site,US,Medium,107663
2023,Senior,Full-Time,Data Engineer,251250,US,On-Site,US,Medium,163312
2023,Entry-Level,Full-Time,Research Analyst,179000,US,On-Site,US,Medium,101329
2023,Senior,Full-Time,Analytics Engineer,178600,US,On-Site,US,Medium,176399
2024,Mid-Level,Full-Time,Data Engineer,166000,US,On-Site,US,Medium,137171
2023,Senior,Full-Time,Data Scientist,142000,US,On-Site,US,Small,132730
2023,Senior,Full-Time,Data Analyst,143000,US,Fully Remote,US,Medium,122680
2023,Entry-Level,Part-Time,Data Scientist,58300,US,On-Site,US,Medium,101937
2024,Senior,Full-Time,Machine Learning Scientist,204600,US,On-Site,US,Medium,204638
2024,Entry-Level,Full-Time,Data Analyst,80000,US,On-Site,US,Medium,93773
2024,Mid-Level,Full-Time,Data Science,287800,US,On-Site,US,Medium,139634
2024,Senior,Full-Time,Data Engineer,150895,US,On-Site,US,Medium,162159
2023,Senior,Full-Time,Data Engineer,230000,US,On-Site,US,Medium,163312
2023,Mid-Level,Full-Time,AI Engineer,171000,US,On-Site,US,Medium,147099
2023,Senior,Full-Time,Data Engineer,135000,US,On-Site,US,Medium,163312
2022,Senior,Full-Time,Data Scientist,156600,US,Fully Remote,US,Medium,163950
2024,Mid-Level,Full-Time,Machine Learning Scientist,180000,CA,Fully Remote,CA,Medium,138673
2023,Senior,Full-Time,Machine Learning Engineer,93300,US,On-Site,US,Medium,201918
2023,Senior,Full-Time,Data Scientist,240000,US,On-Site,US,Medium,173369
2023,Senior,Full-Time,Data Science Consultant,90000,US,On-Site,US,Medium,141588
2023,Senior,Full-Time,Data Analyst,139000,US,On-Site,US,Medium,128320
2022,Senior,Full-Time,Data Engineer,154600,US,On-Site,US,Large,153476
2023,Entry-Level,Full-Time,AI Programmer,70000,IN,On-Site,AU,Large,68299
2023,Senior,Full-Time,Data Manager,55200,US,On-Site,US,Medium,135577
2023,Senior,Full-Time,Data Analyst,113220,US,On-Site,US,Medium,128320
2023,Mid-Level,Full-Time,Analytics Engineer,172200,US,Fully Remote,US,Medium,149627
2023,Senior,Full-Time,Machine Learning Engineer,120250,US,On-Site,US,Medium,201918
2024,Senior,Full-Time,Machine Learning Researcher,250800,US,On-Site,US,Medium,205271
2023,Senior,Full-Time,BI Analyst,118800,US,Fully Remote,US,Medium,120739
2023,Executive,Full-Time,Data Scientist,180000,US,Fully Remote,US,Medium,199749
2023,Senior,Full-Time,BI Developer,110000,US,Fully Remote,US,Medium,120739
2023,Entry-Level,Full-Time,Data Scientist,24000,US,Fully Remote,US,Medium,113108
2023,Senior,Full-Time,Data Science Practitioner,83900,US,On-Site,US,Medium,168735
2023,Senior,Full-Time,Data Engineer,153600,US,On-Site,US,Medium,163312
2023,Executive,Full-Time,Director of Data Science,249300,US,On-Site,US,Medium,265859
2023,Senior,Full-Time,Data Analyst,138000,US,On-Site,US,Medium,128320
2023,Senior,Full-Time,Applied Scientist,178538,US,Fully Remote,US,Medium,192908
2023,Mid-Level,Full-Time,Applied Scientist,36000,NG,Hybrid,NG,Medium,59240
2023,Senior,Full-Time,Data Engineer,63000,US,Fully Remote,US,Medium,158529
2023,Entry-Level,Full-Time,Data Analyst,69525,US,Fully Remote,US,Medium,79277
2022,Senior,Full-Time,Data Architect,149040,US,Fully Remote,US,Medium,172398
2023,Senior,Full-Time,Data Engineer,142200,DE,On-Site,DE,Medium,109324
2024,Senior,Full-Time,Data Scientist,153000,US,Fully Remote,US,Medium,175703
2023,Senior,Full-Time,Machine Learning Engineer,142200,US,Fully Remote,US,Medium,188539
2023,Senior,Full-Time,Research Scientist,198800,US,On-Site,US,Medium,207266
2024,Senior,Full-Time,Research Scientist,234000,US,On-Site,US,Medium,215335
2023,Senior,Full-Time,Data Engineer,140000,US,Fully Remote,US,Medium,158529
2024,Senior,Full-Time,Data Scientist,204800,US,On-Site,US,Medium,171625
2022,Senior,Full-Time,Data Scientist,156400,US,On-Site,US,Medium,152924
2024,Senior,Full-Time,AI Engineer,93300,US,On-Site,US,Medium,173098
2024,Senior,Full-Time,Data Scientist,218500,US,Fully Remote,US,Medium,175703
2024,Senior,Full-Time,Data Product Manager,145000,US,Fully Remote,US,Medium,161205
2023,Mid-Level,Full-Time,Data Analyst,120000,US,On-Site,US,Medium,106011
2023,Entry-Level,Full-Time,Research Scientist,100400,US,On-Site,US,Large,152411
2023,Entry-Level,Full-Time,Data Analyst,133000,US,On-Site,US,Medium,86195
2023,Senior,Full-Time,Data Engineer,169000,US,On-Site,US,Medium,163312
2023,Mid-Level,Full-Time,Data Developer,120681,US,Fully Remote,US,Medium,118259
2023,Senior,Full-Time,Data Scientist,197600,US,Fully Remote,US,Medium,174953
2024,Senior,Full-Time,Data Scientist,165100,US,On-Site,US,Medium,171625
2024,Senior,Full-Time,Data Analyst,145000,US,On-Site,US,Medium,130006
2024,Senior,Full-Time,Business Intelligence,70000,US,On-Site,US,Medium,152508
2023,Senior,Full-Time,Machine Learning Engineer,175000,US,On-Site,US,Medium,201918
2024,Senior,Full-Time,Research Engineer,290000,US,On-Site,US,Medium,215335
2023,Senior,Full-Time,Data Engineer,91270,US,On-Site,US,Medium,163312
2023,Senior,Full-Time,Data Analyst,104000,US,Fully Remote,US,Medium,122680
2024,Senior,Full-Time,Machine Learning Engineer,150700,US,On-Site,US,Medium,204712
2024,Senior,Full-Time,Data Scientist,138000,US,On-Site,US,Medium,171625
2023,Senior,Full-Time,Data Lead,200000,US,On-Site,US,Medium,227860
2024,Senior,Full-Time,Machine Learning Engineer,96200,US,On-Site,US,Medium,204712
2023,Executive,Full-Time,AI Architect,215936,BE,Fully Remote,US,Large,225048
2023,Senior,Full-Time,Data Engineer,200000,US,Fully Remote,US,Medium,158529
2023,Mid-Level,Full-Time,Data Engineer,135000,US,Fully Remote,US,Medium,137804
2024,Entry-Level,Full-Time,Research Analyst,78308,CA,On-Site,CA,Medium,94638
2024,Senior,Full-Time,Data Engineer,103000,US,On-Site,US,Medium,162159
2024,Senior,Full-Time,Machine Learning Engineer,331640,US,On-Site,US,Medium,204712
2024,Senior,Full-Time,Business Intelligence,260000,US,On-Site,US,Medium,152508
2024,Senior,Full-Time,Data Engineer,94100,US,On-Site,US,Medium,162159
2023,Senior,Full-Time,Machine Learning Engineer,159000,US,On-Site,US,Medium,201918
2023,Senior,Full-Time,Data Manager,110400,US,On-Site,US,Medium,135577
2024,Senior,Full-Time,Machine Learning Scientist,230000,US,On-Site,US,Medium,204638
2023,Senior,Full-Time,Machine Learning Engineer,80000,US,On-Site,US,Medium,201918
2023,Senior,Full-Time,Data Scientist,116000,US,On-Site,US,Medium,173369
2024,Mid-Level,Full-Time,AI Engineer,65000,US,On-Site,US,Medium,139818
2023,Entry-Level,Full-Time,Applied Scientist,213660,US,On-Site,US,Large,168879
2024,Entry-Level,Full-Time,Data Analyst,157600,US,On-Site,US,Medium,93773
2023,Senior,Full-Time,Data Visualization Specialist,185000,US,On-Site,US,Medium,159863
2024,Entry-Level,Contract,AI Research Scientist,88888,DE,On-Site,DE,Large,91752
2024,Mid-Level,Full-Time,Research Scientist,124100,US,On-Site,US,Large,135265
2024,Senior,Full-Time,Data Scientist,269000,CA,On-Site,CA,Medium,153535
2023,Entry-Level,Full-Time,Data Analyst,132600,US,Fully Remote,US,Medium,79277
2024,Mid-Level,Full-Time,Data Scientist,117000,US,On-Site,US,Medium,135556
2023,Mid-Level,Full-Time,Data Scientist,180000,US,On-Site,US,Medium,140360
2023,Senior,Full-Time,Machine Learning Engineer,245700,US,On-Site,US,Medium,201918
2024,Senior,Full-Time,Data Science,331292,US,On-Site,US,Medium,164623
2023,Entry-Level,Full-Time,Data Analyst,92000,US,Fully Remote,US,Medium,79277
2023,Senior,Full-Time,Research Engineer,293000,US,On-Site,US,Medium,207266
2024,Mid-Level,Full-Time,Data Modeler,179000,US,On-Site,US,Medium,113053
2022,Senior,Full-Time,Data Scientist,203500,US,On-Site,US,Medium,152924
2024,Senior,Full-Time,Research Engineer,190000,US,On-Site,US,Medium,215335
2023,Executive,Full-Time,Data Engineer,194500,US,On-Site,US,Medium,184765
2024,Mid-Level,Full-Time,Data Science Manager,328000,US,On-Site,US,Medium,186008
2024,Entry-Level,Full-Time,Data Analyst,115000,US,On-Site,US,Medium,93773
2023,Mid-Level,Full-Time,Machine Learning Scientist,170000,US,On-Site,US,Medium,167675
2024,Senior,Full-Time,Data Analyst,76000,US,On-Site,US,Medium,130006
2024,Senior,Full-Time,Data Analyst,80000,IE,On-Site,IE,Medium,81829
2024,Senior,Full-Time,Data Engineer,145360,US,Fully Remote,US,Medium,159871
2024,Mid-Level,Full-Time,Data Scientist,72360,US,On-Site,US,Medium,135556
2023,Senior,Full-Time,Research Engineer,200800,US,On-Site,US,Medium,207266
2022,Senior,Full-Time,Research Scientist,249500,US,On-Site,US,Medium,189597
2023,Mid-Level,Full-Time,Data Analyst,44356,GB,Fully Remote,GB,Medium,63421
2024,Senior,Full-Time,Business Intelligence Analyst,113100,US,On-Site,US,Medium,138010
2023,Senior,Full-Time,Data Engineer,194595,US,On-Site,US,Medium,163312
2023,Senior,Full-Time,Analytics Engineer,117700,GB,Fully Remote,GB,Medium,130513
2024,Senior,Part-Time,CRM Data Analyst,40000,AE,Fully Remote,AE,Large,47539
2022,Senior,Full-Time,Data Engineer,179305,US,Fully Remote,US,Medium,157016
2024,Senior,Full-Time,Data Modeler,112000,US,On-Site,US,Medium,138041
2024,Entry-Level,Full-Time,Business Intelligence,142000,US,On-Site,US,Medium,126223
2023,Senior,Full-Time,Data Analyst,52500,US,On-Site,US,Medium,128320
2024,Senior,Full-Time,Data Engineer,199700,US,On-Site,US,Medium,162159
2023,Senior,Full-Time,ML Engineer,159000,US,On-Site,US,Medium,206066
2022,Senior,Full-Time,Data Analyst,130050,US,Fully Remote,US,Medium,118871
2023,Senior,Full-Time,Data Analyst,70374,US,On-Site,US,Medium,128320
2023,Mid-Level,Full-Time,BI Analyst,86100,US,On-Site,US,Medium,108887
2023,Senior,Full-Time,Machine Learning Engineer,102492,GB,On-Site,GB,Medium,169452
2023,Mid-Level,Full-Time,Data Scientist,110000,US,Fully Remote,US,Medium,141014
2023,Mid-Level,Full-Time,Data Engineer,750000,US,On-Site,US,Medium,141383
2024,Mid-Level,Full-Time,Data Developer,100000,US,Fully Remote,US,Medium,116541
2023,Senior,Full-Time,Data Engineer,282000,US,On-Site,US,Medium,163312
2024,Senior,Full-Time,Machine Learning Engineer,220000,US,On-Site,US,Medium,204712
2023,Mid-Level,Full-Time,Research Engineer,67672,GB,Fully Remote,GB,Medium,96731
2023,Senior,Full-Time,Data Scientist,141000,US,On-Site,US,Medium,173369
2024,Mid-Level,Full-Time,Business Intelligence,146851,US,On-Site,US,Medium,132961
2024,Entry-Level,Full-Time,Data Science,57277,FR,Hybrid,FR,Medium,80754
2023,Senior,Full-Time,Research Analyst,188600,US,On-Site,US,Medium,140074
2024,Senior,Full-Time,Data Engineer,231000,US,Fully Remote,US,Medium,159871
2024,Executive,Full-Time,Data Science Engineer,120000,US,On-Site,US,Medium,181155
2024,Senior,Full-Time,Data Architect,120000,US,On-Site,US,Medium,167461
2023,Senior,Full-Time,Data Engineer,102000,US,On-Site,US,Medium,163312
2023,Senior,Full-Time,Machine Learning Engineer,160000,US,On-Site,US,Medium,201918
2023,Senior,Full-Time,Data Engineer,108768,US,On-Site,US,Medium,163312
2023,Senior,Full-Time,Data Scientist,127300,US,On-Site,US,Large,171916
2023,Senior,Full-Time,Data Engineer,143000,US,On-Site,US,Medium,163312
2024,Senior,Full-Time,Data Analyst,82620,US,On-Site,US,Medium,130006
2023,Mid-Level,Full-Time,Data Engineer,102200,CA,On-Site,CA,Medium,131654
2023,Senior,Full-Time,Data Analyst,120000,CA,On-Site,CA,Medium,131873
2023,Senior,Full-Time,Business Intelligence Engineer,78800,US,Fully Remote,US,Medium,135285
2023,Mid-Level,Full-Time,Machine Learning Engineer,150000,US,Fully Remote,US,Medium,155230
2023,Senior,Full-Time,Data Architect,135000,US,Fully Remote,US,Medium,173332
2023,Mid-Level,Full-Time,Data Analyst,100000,CA,Fully Remote,CA,Medium,115530
2023,Executive,Full-Time,Data Engineer,200000,US,On-Site,US,Medium,184765
2024,Mid-Level,Full-Time,Business Intelligence,167500,US,On-Site,US,Medium,132961
2022,Senior,Full-Time,Data Engineer,165000,US,Fully Remote,US,Medium,157016
2024,Senior,Full-Time,Data Engineer,116000,US,On-Site,US,Medium,162159
2023,Entry-Level,Full-Time,Data Integration Specialist,85000,CA,On-Site,CA,Medium,77565
2023,Senior,Full-Time,Data Engineer,116000,US,Fully Remote,US,Medium,158529
2023,Senior,Full-Time,Machine Learning Engineer,150000,US,Fully Remote,US,Medium,188539
2023,Senior,Full-Time,Data Science,135800,US,Fully Remote,US,Medium,154410
2022,Senior,Full-Time,BI Developer,140000,US,Fully Remote,US,Medium,120598
2023,Senior,Full-Time,Data Analyst,51824,ES,Fully Remote,ES,Medium,58928
2023,Senior,Full-Time,Data Science,185000,US,On-Site,US,Medium,157751
2022,Senior,Full-Time,Lead Data Scientist,172309,IE,Fully Remote,IE,Large,116090
2023,Senior,Full-Time,Data Scientist,305600,US,On-Site,US,Medium,173369
2023,Senior,Full-Time,Data Product Manager,220000,US,On-Site,US,Medium,166360
2021,Entry-Level,Full-Time,Marketing Data Engineer,66970,SG,Hybrid,SG,Large,44338
2024,Entry-Level,Full-Time,Data Science Analyst,70000,US,On-Site,US,Medium,87050
2022,Mid-Level,Full-Time,Data Analyst,31520,ES,Fully Remote,ES,Medium,38753
2022,Mid-Level,Full-Time,Deep Learning Engineer,86193,GB,Fully Remote,GB,Medium,99420
2024,Senior,Full-Time,Research Scientist,100000,US,On-Site,US,Medium,215335
2024,Senior,Full-Time,Data Scientist,113050,US,On-Site,US,Medium,171625
2023,Mid-Level,Full-Time,Data Engineer,114000,US,Fully Remote,US,Medium,137804
2024,Senior,Full-Time,Data Science,70000,US,On-Site,US,Medium,164623
2022,Senior,Full-Time,Data Engineer,162000,US,Fully Remote,US,Medium,157016
2023,Entry-Level,Full-Time,Data Engineer,52500,US,On-Site,US,Medium,111560
2024,Senior,Full-Time,Data Analyst,185000,US,On-Site,US,Medium,130006
2023,Senior,Full-Time,Data Engineer,115000,US,Fully Remote,US,Medium,158529
2024,Mid-Level,Full-Time,Data Engineer,33750,GB,On-Site,GB,Medium,75449
2023,Senior,Full-Time,Data Scientist,171250,IE,On-Site,IE,Medium,120878
2024,Entry-Level,Full-Time,Data Science,198000,US,On-Site,US,Medium,112868
2022,Mid-Level,Full-Time,Data Engineer,78000,BR,Fully Remote,BR,Medium,85024
2023,Mid-Level,Full-Time,Data Engineer,161500,US,Fully Remote,US,Medium,137804
2024,Senior,Full-Time,Data Scientist,177700,US,On-Site,US,Medium,171625
2023,Senior,Full-Time,Data Scientist,203500,US,On-Site,US,Medium,173369
2023,Senior,Full-Time,Data Scientist,140250,US,Fully Remote,US,Medium,174953
2024,Senior,Full-Time,Business Intelligence Manager,82500,GB,On-Site,GB,Medium,88809
2024,Senior,Full-Time,Cloud Database Engineer,102500,US,Fully Remote,US,Medium,138381
2023,Executive,Full-Time,Data Manager,80000,US,On-Site,US,Medium,157030
2023,Senior,Full-Time,Machine Learning Engineer,140000,US,Fully Remote,US,Medium,188539
2024,Mid-Level,Full-Time,Data Science Manager,267100,US,On-Site,US,Medium,186008
2024,Mid-Level,Full-Time,Data Scientist,115000,US,Fully Remote,US,Medium,138704
2023,Senior,Full-Time,Data Scientist,156000,CA,Fully Remote,CA,Medium,159714
2023,Mid-Level,Full-Time,Data Scientist,135000,US,On-Site,US,Medium,140360
2024,Senior,Full-Time,Machine Learning Engineer,164000,US,Fully Remote,US,Medium,196074
2024,Senior,Full-Time,Data Analyst,169000,US,Fully Remote,US,Medium,129854
2023,Entry-Level,Full-Time,Data Analyst,100000,US,Hybrid,US,Medium,80045
2023,Senior,Full-Time,Data Engineer,127600,US,Fully Remote,US,Medium,158529
2024,Senior,Full-Time,Data Infrastructure Engineer,179900,US,Fully Remote,US,Medium,169466
2024,Mid-Level,Full-Time,Data Management Specialist,69300,CA,On-Site,CA,Medium,96599
2024,Mid-Level,Full-Time,Data Engineer,125000,US,On-Site,US,Medium,137171
2024,Mid-Level,Full-Time,Research Engineer,118600,US,On-Site,US,Medium,173952
2023,Senior,Full-Time,Data Scientist,143750,US,On-Site,US,Medium,173369
2023,Senior,Full-Time,Data Engineer,266000,US,On-Site,US,Medium,163312
2023,Mid-Level,Full-Time,Data Scientist,150000,US,On-Site,US,Medium,140360
2024,Senior,Full-Time,Data Scientist,159000,US,On-Site,US,Medium,171625
2023,Senior,Full-Time,Data Engineer,202500,US,On-Site,US,Medium,163312
2023,Senior,Full-Time,Data Scientist,134236,US,On-Site,US,Medium,173369
2024,Senior,Full-Time,Data Analyst,109100,US,On-Site,US,Medium,130006
2022,Senior,Full-Time,Data Engineer,104611,GB,Fully Remote,GB,Medium,93702
2023,Senior,Full-Time,Data Scientist,162000,US,On-Site,US,Medium,173369
2022,Senior,Full-Time,Machine Learning Engineer,135000,US,Fully Remote,US,Medium,178756
2024,Mid-Level,Full-Time,Data Engineer,128600,US,On-Site,US,Medium,137171
2022,Senior,Full-Time,Data Engineer,139860,US,On-Site,US,Medium,153391
2023,Mid-Level,Full-Time,Data Engineer,152000,US,Fully Remote,US,Medium,137804
2023,Mid-Level,Full-Time,Data Engineer,73100,US,On-Site,US,Medium,141383
2023,Senior,Full-Time,Data Scientist,226000,US,Fully Remote,US,Medium,174953
2023,Senior,Full-Time,Data Analyst,110000,PL,Fully Remote,PL,Medium,75985
2023,Entry-Level,Full-Time,Data Scientist,100000,US,On-Site,US,Medium,111924
2023,Senior,Full-Time,Data Scientist,324000,US,On-Site,US,Medium,173369
2023,Mid-Level,Full-Time,Data Engineer,49216,GB,Fully Remote,GB,Medium,80273
2024,Senior,Full-Time,Data Analyst,132500,US,Fully Remote,US,Medium,129854
2024,Senior,Full-Time,Analytics Engineer,250000,US,Fully Remote,US,Medium,164732
2023,Senior,Full-Time,Data Analyst,120000,GB,On-Site,GB,Medium,91001
2024,Mid-Level,Full-Time,Data Scientist,85600,LV,On-Site,LV,Medium,55893
2023,Senior,Full-Time,Machine Learning Engineer,170600,US,On-Site,US,Medium,201918
2023,Senior,Full-Time,Data Analyst,92000,US,On-Site,US,Medium,128320
2024,Entry-Level,Full-Time,Business Intelligence Analyst,80000,US,On-Site,US,Medium,101659
2023,Senior,Full-Time,Data Engineer,163152,US,On-Site,US,Medium,163312
2023,Senior,Full-Time,Data Architect,149040,US,Fully Remote,US,Medium,173332
2024,Executive,Full-Time,Data Scientist,181900,US,On-Site,US,Medium,180933
2024,Mid-Level,Full-Time,Machine Learning Engineer,126400,US,Fully Remote,US,Medium,159909
2022,Senior,Full-Time,Data Engineer,198800,US,On-Site,US,Medium,153391
2024,Entry-Level,Full-Time,Data Analyst,93500,US,On-Site,US,Medium,93773
2024,Mid-Level,Full-Time,Data Engineer,120000,US,Fully Remote,US,Medium,136086
2024,Executive,Full-Time,Data Engineer,190000,US,On-Site,US,Medium,185494
2023,Mid-Level,Full-Time,Machine Learning Engineer,213900,US,On-Site,US,Medium,167075
2022,Senior,Full-Time,Data Engineer,134000,US,On-Site,US,Medium,153391
2023,Entry-Level,Full-Time,Applied Scientist,141100,US,On-Site,US,Medium,137394
2023,Mid-Level,Full-Time,Machine Learning Engineer,160000,US,Fully Remote,US,Medium,155230
2023,Mid-Level,Full-Time,Machine Learning Infrastructure Engineer,171600,US,On-Site,US,Medium,167075
2024,Entry-Level,Full-Time,Data Scientist,33500,GB,On-Site,GB,Medium,59854
2023,Senior,Full-Time,Machine Learning Engineer,143000,CA,Fully Remote,CA,Medium,159345
2024,Senior,Full-Time,Machine Learning Engineer,254000,US,On-Site,US,Medium,204712
2022,Entry-Level,Full-Time,AI Scientist,50000,US,Fully Remote,US,Medium,66194
2024,Senior,Full-Time,Data Management Consultant,100000,US,On-Site,US,Medium,138041
2023,Senior,Full-Time,Research Analyst,56359,IT,Fully Remote,IT,Medium,31131
2023,Senior,Full-Time,Data Scientist,187259,US,On-Site,US,Medium,173369
2024,Entry-Level,Full-Time,Data Operations Analyst,95000,US,On-Site,US,Medium,83274
2024,Senior,Full-Time,Data Science,237200,US,On-Site,US,Medium,164623
2024,Senior,Full-Time,Data Analyst,175520,US,On-Site,US,Medium,130006
2023,Entry-Level,Full-Time,BI Data Analyst,85000,CA,Fully Remote,US,Medium,76891
2024,Mid-Level,Full-Time,Data Analyst,107500,US,On-Site,US,Medium,107663
2022,Entry-Level,Full-Time,Data Engineer,86000,US,Fully Remote,US,Large,105465
2024,Entry-Level,Full-Time,Data Engineer,87550,US,Fully Remote,US,Medium,110551
2023,Senior,Full-Time,Data Scientist,189750,US,On-Site,US,Medium,173369
2023,Senior,Full-Time,Data Analyst,81800,US,On-Site,US,Medium,128320
2023,Senior,Full-Time,Data Scientist,210550,US,On-Site,US,Medium,173369
2023,Senior,Full-Time,Data Science Consultant,128100,US,On-Site,US,Medium,141588
2022,Senior,Full-Time,Data Scientist,198800,US,On-Site,US,Medium,152924
2022,Senior,Full-Time,Data Scientist,202800,US,On-Site,US,Large,153009
2023,Entry-Level,Full-Time,Research Engineer,120000,US,On-Site,US,Medium,163156
2023,Mid-Level,Full-Time,Analytics Engineer,84000,US,Fully Remote,US,Medium,149627
2023,Mid-Level,Full-Time,Data Engineer,39372,GB,On-Site,GB,Medium,85775
2023,Senior,Full-Time,Data Scientist,180300,US,Fully Remote,US,Medium,174953
2023,Senior,Full-Time,Machine Learning Engineer,392000,US,On-Site,US,Medium,201918
2023,Mid-Level,Full-Time,Data Engineer,131000,CO,On-Site,CO,Medium,93666
2023,Senior,Full-Time,Machine Learning Engineer,138700,US,On-Site,US,Medium,201918
2024,Senior,Full-Time,Data Science,185000,US,On-Site,US,Medium,164623
2023,Mid-Level,Full-Time,Data Scientist,166000,US,Fully Remote,US,Medium,141014
2023,Senior,Full-Time,Machine Learning Engineer,135000,US,On-Site,US,Medium,201918
2023,Mid-Level,Full-Time,Data Scientist,73000,US,On-Site,US,Medium,140360
2024,Mid-Level,Full-Time,BI Developer,74300,US,On-Site,US,Medium,110038
2024,Mid-Level,Full-Time,Business Intelligence Developer,70692,US,Fully Remote,US,Medium,99701
2024,Senior,Full-Time,Machine Learning Engineer,216700,US,Fully Remote,US,Medium,196074
2023,Mid-Level,Full-Time,Data Analyst,96750,US,On-Site,US,Medium,106011
2024,Senior,Full-Time,ML Engineer,200000,US,On-Site,US,Medium,197146
2023,Senior,Full-Time,Data Analyst,119800,US,Fully Remote,US,Medium,122680
2023,Senior,Full-Time,Data Engineer,131414,US,Fully Remote,US,Medium,158529
2022,Senior,Full-Time,Analytics Engineer,125000,US,Fully Remote,US,Medium,140065
2023,Senior,Full-Time,NLP Engineer,210000,US,Fully Remote,US,Medium,179644
2024,Mid-Level,Full-Time,Data Scientist,158100,US,On-Site,US,Medium,135556
2023,Entry-Level,Full-Time,Data Scientist,190000,US,On-Site,US,Medium,111924
2023,Senior,Full-Time,Data Architect,205000,US,Fully Remote,US,Medium,173332
2024,Senior,Full-Time,Machine Learning Engineer,198000,US,On-Site,US,Medium,204712
2024,Senior,Full-Time,Data Scientist,279000,US,Fully Remote,US,Medium,175703
2023,Senior,Full-Time,Research Scientist,180000,US,On-Site,US,Medium,207266
2023,Senior,Full-Time,Data Architect,136000,US,On-Site,US,Medium,161326
2023,Entry-Level,Full-Time,Research Scientist,162240,US,On-Site,US,Medium,159559
2024,Mid-Level,Full-Time,Data Engineer,133000,US,On-Site,US,Medium,137171
2023,Senior,Full-Time,Data Science Manager,169000,US,On-Site,US,Medium,223501
2024,Mid-Level,Full-Time,ML Ops Engineer,198000,US,On-Site,US,Medium,158390
2024,Mid-Level,Full-Time,Research Scientist,128900,US,On-Site,US,Medium,178672
2023,Senior,Full-Time,Data Scientist,183500,US,Fully Remote,US,Medium,174953
2024,Senior,Full-Time,Analytics Engineer,105000,US,On-Site,US,Medium,179474
2024,Senior,Full-Time,Data Engineer,75000,GB,On-Site,GB,Medium,95173
2023,Mid-Level,Full-Time,Data Science Manager,220000,US,On-Site,US,Medium,175104
2024,Senior,Full-Time,Data Scientist,156400,US,On-Site,US,Medium,171625
2024,Senior,Full-Time,Data Analyst,85000,US,On-Site,US,Medium,130006
2023,Senior,Full-Time,Data Scientist,262000,US,Fully Remote,US,Medium,174953
2023,Senior,Full-Time,Data Analyst,153800,US,Fully Remote,US,Medium,122680
2023,Entry-Level,Full-Time,Data Scientist,119200,US,On-Site,US,Medium,111924
2022,Entry-Level,Full-Time,Data Scientist,84053,BE,Fully Remote,BE,Large,76573
2023,Senior,Full-Time,Data Product Manager,150000,US,Fully Remote,US,Medium,156246
2024,Mid-Level,Full-Time,Data Engineer,30000,GB,Fully Remote,GB,Medium,74997
2023,Senior,Full-Time,Data Analyst,73100,US,On-Site,US,Medium,128320
2024,Executive,Full-Time,Business Intelligence,120000,US,On-Site,US,Medium,157992
2023,Mid-Level,Full-Time,Business Intelligence Analyst,135000,US,Fully Remote,US,Medium,111857
2023,Mid-Level,Full-Time,Data Engineer,105300,US,On-Site,US,Medium,141383
2023,Entry-Level,Full-Time,Data Analyst,67500,US,On-Site,US,Medium,86195
2024,Senior,Full-Time,Data Engineer,208000,US,On-Site,US,Medium,162159
2023,Senior,Full-Time,Data Scientist,144500,US,On-Site,US,Medium,173369
2023,Mid-Level,Full-Time,Data Analyst,64500,US,On-Site,US,Medium,106011
2023,Senior,Full-Time,Research Engineer,370000,US,On-Site,US,Medium,207266
2024,Entry-Level,Full-Time,Research Analyst,200000,US,On-Site,US,Medium,130194
2024,Mid-Level,Full-Time,Data Engineer,193000,US,On-Site,US,Medium,137171
2024,Senior,Full-Time,Data Manager,131200,US,Fully Remote,US,Medium,120011
2023,Senior,Full-Time,Machine Learning Scientist,170000,US,On-Site,US,Medium,202477
2024,Mid-Level,Full-Time,Data Specialist,68850,US,On-Site,US,Medium,99453
2023,Senior,Full-Time,Machine Learning Engineer,184000,US,On-Site,US,Medium,201918
2024,Mid-Level,Full-Time,Data Engineer,210100,US,On-Site,US,Medium,137171
2024,Entry-Level,Full-Time,Research Analyst,105000,US,Fully Remote,US,Medium,126073
2024,Mid-Level,Full-Time,Data Manager,47500,US,On-Site,US,Medium,113053
2024,Senior,Full-Time,Machine Learning Engineer,151600,US,On-Site,US,Medium,204712
2023,Senior,Full-Time,Data Scientist,140000,US,Fully Remote,US,Medium,174953
2024,Entry-Level,Part-Time,Data Analyst,93000,US,On-Site,US,Medium,91866
2024,Senior,Full-Time,Data Scientist,206000,US,Fully Remote,US,Medium,175703
2022,Senior,Full-Time,Data Analyst,115000,US,On-Site,US,Large,121157
2023,Executive,Full-Time,Data Engineer,210914,US,Fully Remote,US,Medium,197288
2023,Mid-Level,Full-Time,Data Analyst,46755,GB,On-Site,GB,Medium,70536
2023,Executive,Full-Time,Head of Data,110000,BR,Fully Remote,BR,Medium,118611
2022,Senior,Full-Time,Machine Learning Engineer,150000,US,Fully Remote,US,Large,181416
2024,Senior,Full-Time,Data Integration Engineer,148000,US,On-Site,US,Medium,142801
2023,Senior,Full-Time,Data Scientist,201650,US,On-Site,US,Medium,173369
2023,Senior,Full-Time,Research Scientist,247250,US,On-Site,US,Medium,207266
2023,Entry-Level,Full-Time,Research Scientist,100000,US,On-Site,US,Medium,159559
2022,Senior,Full-Time,Analytics Engineer,103432,GB,On-Site,GB,Medium,121824
2023,Senior,Full-Time,Data Architect,114000,US,Fully Remote,US,Medium,173332
2023,Executive,Full-Time,Data Scientist,220000,US,On-Site,US,Medium,183955
2023,Senior,Full-Time,Machine Learning Scientist,225000,US,Fully Remote,US,Medium,185503
2023,Senior,Full-Time,Data Analyst,126277,US,Fully Remote,US,Medium,122680
2022,Executive,Full-Time,Data Science Manager,175100,US,On-Site,US,Medium,204595
2023,Senior,Full-Time,Data Scientist,147100,US,On-Site,US,Medium,173369
2023,Mid-Level,Full-Time,Data Engineer,142000,CA,On-Site,CA,Medium,131654
2022,Executive,Full-Time,Data Engineer,200000,US,On-Site,US,Medium,179057
2023,Senior,Full-Time,Data Scientist,119000,US,Fully Remote,US,Medium,174953
2024,Senior,Full-Time,Data Scientist,124875,US,On-Site,US,Medium,171625
2023,Executive,Full-Time,Research Scientist,220000,US,On-Site,US,Medium,234369
2023,Mid-Level,Full-Time,Data Architect,110000,US,Fully Remote,US,Medium,150650
2023,Mid-Level,Full-Time,Machine Learning Engineer,135000,US,Hybrid,US,Large,155129
2023,Mid-Level,Full-Time,Data Engineer,75000,US,On-Site,US,Medium,141383
2023,Senior,Full-Time,Data Engineer,300000,US,On-Site,US,Medium,163312
2023,Executive,Full-Time,Data Science,168000,US,On-Site,US,Medium,179204
2022,Senior,Full-Time,Data Scientist,100000,US,On-Site,US,Large,153009
2024,Senior,Full-Time,Research Engineer,180000,US,On-Site,US,Medium,215335
2022,Senior,Full-Time,Data Scientist,119300,US,On-Site,US,Large,153009
2024,Mid-Level,Full-Time,Business Intelligence Manager,207000,US,On-Site,US,Medium,120277
2024,Entry-Level,Full-Time,Data Analyst,28750,GB,On-Site,GB,Medium,49775
2023,Mid-Level,Full-Time,Data Analyst,111151,US,Fully Remote,US,Medium,100557
2024,Executive,Full-Time,Data Engineer,179000,US,On-Site,US,Medium,185494
2023,Mid-Level,Full-Time,Data Engineer,110000,US,On-Site,US,Medium,141383
2024,Entry-Level,Full-Time,Data Analyst,97500,US,On-Site,US,Medium,93773
2023,Executive,Full-Time,Data Engineer,350000,US,Fully Remote,US,Medium,197288
2024,Senior,Full-Time,Data Scientist,120000,CA,On-Site,CA,Medium,153535
2023,Executive,Full-Time,Data Engineer,168000,US,Fully Remote,US,Medium,197288
2023,Senior,Full-Time,Data Scientist,213300,GB,On-Site,GB,Medium,123539
2023,Mid-Level,Full-Time,Data Scientist,93300,US,On-Site,US,Medium,140360
2024,Senior,Full-Time,Data Scientist,106000,US,On-Site,US,Medium,171625
2023,Mid-Level,Full-Time,Data Scientist,93400,US,On-Site,US,Medium,140360
2024,Senior,Full-Time,Data Developer,62500,GB,On-Site,GB,Medium,61044
2022,Mid-Level,Full-Time,Data Engineer,92350,GB,Fully Remote,GB,Medium,80278
2023,Senior,Full-Time,Analytics Engineer,90000,US,On-Site,US,Medium,176399
2024,Senior,Full-Time,Data Science,185490,US,On-Site,US,Medium,164623
2024,Senior,Full-Time,Business Intelligence Developer,104828,US,On-Site,US,Medium,128530
2024,Senior,Full-Time,Machine Learning Engineer,225000,US,Fully Remote,US,Medium,196074
2023,Entry-Level,Full-Time,Data Scientist,85600,US,On-Site,US,Medium,111924
2023,Entry-Level,Full-Time,Data Engineer,79976,GB,On-Site,GB,Medium,66553
2023,Mid-Level,Full-Time,Data Analyst,127075,US,Fully Remote,US,Medium,100557
2024,Mid-Level,Full-Time,Data Scientist,93000,US,Fully Remote,US,Medium,138704
2023,Senior,Full-Time,Analytics Engineer,160000,US,On-Site,US,Medium,176399
2023,Mid-Level,Full-Time,Business Intelligence Analyst,130000,US,Fully Remote,US,Medium,111857
2024,Executive,Full-Time,Data Scientist,160000,US,On-Site,US,Medium,180933
2023,Senior,Full-Time,Applied Scientist,184000,US,On-Site,US,Medium,186452
2024,Entry-Level,Full-Time,Data Management Analyst,72000,US,Fully Remote,US,Medium,81970
2024,Senior,Full-Time,BI Developer,21600,PH,On-Site,PH,Medium,61298
2024,Mid-Level,Full-Time,AI Engineer,200000,US,Fully Remote,US,Medium,141887
2022,Senior,Full-Time,Analytics Engineer,130000,US,Fully Remote,US,Medium,140065
2023,Mid-Level,Full-Time,Business Intelligence Analyst,80750,CA,On-Site,CA,Medium,100978
2023,Mid-Level,Full-Time,Data Specialist,60000,US,On-Site,US,Medium,103265
2023,Senior,Full-Time,Data Engineer,180514,GB,Fully Remote,GB,Medium,97065
2024,Executive,Full-Time,Data Engineer,130000,US,On-Site,US,Medium,185494
2024,Mid-Level,Full-Time,Data Product Manager,166363,US,On-Site,US,Medium,143836
2023,Senior,Full-Time,Data Science Manager,272400,US,On-Site,US,Large,223586
2023,Senior,Full-Time,Data Scientist,166000,GB,On-Site,GB,Medium,123539
2024,Senior,Full-Time,AI Engineer,150000,US,On-Site,US,Medium,173098
2023,Senior,Full-Time,Machine Learning Engineer,169850,US,Fully Remote,US,Medium,188539
2022,Mid-Level,Full-Time,Data Scientist,25000,TR,Hybrid,TR,Medium,33646
2024,Senior,Full-Time,Data Analyst,107000,CA,On-Site,CA,Medium,130303
2023,Senior,Full-Time,Data Science Manager,211000,US,On-Site,US,Medium,223501
2023,Senior,Full-Time,Data Architect,168000,US,Fully Remote,US,Medium,173332
2023,Senior,Full-Time,Machine Learning Engineer,180300,US,On-Site,US,Medium,201918
2023,Mid-Level,Full-Time,Data Operations Specialist,50000,US,On-Site,US,Medium,102664
2024,Entry-Level,Full-Time,Data Analyst,133000,US,On-Site,US,Medium,93773
2024,Mid-Level,Full-Time,Data Science,100000,GB,On-Site,GB,Medium,78642
2022,Senior,Full-Time,Data Engineer,185800,CA,Fully Remote,CA,Medium,129271
2023,Senior,Full-Time,Research Engineer,225000,FR,On-Site,FR,Medium,199080
2024,Mid-Level,Full-Time,Data Engineer,62000,US,On-Site,US,Medium,137171
2024,Senior,Full-Time,Data Science,157900,CA,Fully Remote,CA,Medium,153415
2024,Mid-Level,Full-Time,Data Science Practitioner,170200,US,On-Site,US,Medium,126949
2023,Senior,Full-Time,Machine Learning Engineer,225000,US,Fully Remote,US,Medium,188539
2024,Senior,Full-Time,Data Engineer,86000,US,On-Site,US,Medium,162159
2023,Mid-Level,Full-Time,Machine Learning Engineer,258700,US,On-Site,US,Medium,167075
2024,Mid-Level,Full-Time,Business Intelligence Engineer,134000,US,On-Site,US,Medium,120277
2023,Senior,Full-Time,Data Analyst,160000,US,Fully Remote,US,Medium,122680
2024,Mid-Level,Full-Time,Data Scientist,86800,US,On-Site,US,Medium,135556
2023,Senior,Full-Time,Data Engineer,70000,US,On-Site,US,Medium,163312
2023,Senior,Full-Time,Data Engineer,146850,US,On-Site,US,Medium,163312
2023,Mid-Level,Full-Time,AI Engineer,73100,US,On-Site,US,Medium,147099
2023,Entry-Level,Full-Time,Research Scientist,162170,US,Fully Remote,US,Medium,150945
2023,Senior,Full-Time,Machine Learning Engineer,319000,US,Fully Remote,US,Medium,188539
2023,Senior,Full-Time,Deep Learning Engineer,283780,US,On-Site,US,Medium,192076
2023,Entry-Level,Full-Time,Data Scientist,110000,US,On-Site,US,Medium,111924
2023,Executive,Full-Time,Data Manager,100000,US,On-Site,US,Medium,157030
2023,Mid-Level,Full-Time,Data Engineer,102000,US,On-Site,US,Medium,141383
2024,Senior,Full-Time,Data Analyst,122500,US,Fully Remote,US,Medium,129854
2024,Mid-Level,Full-Time,Data Engineer,105000,US,Fully Remote,US,Medium,136086
2024,Mid-Level,Full-Time,Data Engineer,138278,US,On-Site,US,Medium,137171
2023,Senior,Full-Time,Analytics Engineer,197000,US,On-Site,US,Medium,176399
2023,Senior,Full-Time,Research Engineer,185000,US,On-Site,US,Medium,207266
2023,Senior,Full-Time,Data Engineer,100000,US,On-Site,US,Medium,163312
2024,Mid-Level,Full-Time,Data Scientist,148100,US,Fully Remote,US,Medium,138704
2024,Mid-Level,Full-Time,Data Scientist,246000,US,Fully Remote,US,Medium,138704
2023,Senior,Full-Time,Machine Learning Engineer,170700,US,On-Site,US,Medium,201918
2023,Senior,Full-Time,Data Operations Specialist,50700,US,Fully Remote,US,Medium,104067
2023,Senior,Full-Time,Business Intelligence Developer,67000,US,On-Site,US,Medium,129683
2023,Senior,Full-Time,Data Scientist,231650,US,On-Site,US,Medium,173369
2021,Senior,Full-Time,Data Engineer,153000,US,Fully Remote,US,Large,159920
2023,Mid-Level,Full-Time,Data Architect,240000,US,Fully Remote,US,Medium,150650
2023,Executive,Full-Time,Business Intelligence Engineer,172200,US,On-Site,US,Medium,143292
2024,Senior,Full-Time,Data Engineer,185000,US,Fully Remote,US,Medium,159871
2023,Entry-Level,Full-Time,AI Engineer,21593,PT,Hybrid,PT,Large,29267
2024,Senior,Full-Time,Data Scientist,214500,US,On-Site,US,Medium,171625
2023,Senior,Full-Time,Machine Learning Engineer,220000,US,Fully Remote,US,Medium,188539
2023,Mid-Level,Full-Time,Data Scientist,162000,US,On-Site,US,Medium,140360
2024,Mid-Level,Full-Time,Business Intelligence Manager,99600,US,On-Site,US,Medium,120277
2023,Senior,Full-Time,Data Scientist,272550,US,On-Site,US,Medium,173369
2023,Mid-Level,Full-Time,Data Scientist,24613,TH,Hybrid,TH,Large,38465
2022,Senior,Full-Time,Machine Learning Manager,200000,US,Fully Remote,US,Medium,181809
2023,Senior,Full-Time,Data Engineer,310000,US,On-Site,US,Medium,163312
2022,Mid-Level,Full-Time,Data Scientist,180000,US,On-Site,US,Medium,133730
2023,Mid-Level,Full-Time,Data Engineer,73824,GB,On-Site,GB,Medium,85775
2024,Mid-Level,Full-Time,Data Analyst,90000,US,On-Site,US,Medium,107663
2024,Senior,Full-Time,Data Engineer,76500,US,On-Site,US,Medium,162159
2024,Senior,Full-Time,Data Scientist,150000,US,On-Site,US,Medium,171625
2024,Mid-Level,Full-Time,Data Engineer,110000,US,On-Site,US,Medium,137171
2023,Senior,Full-Time,Data Science Consultant,145000,US,On-Site,US,Medium,141588
2023,Mid-Level,Full-Time,Business Intelligence Engineer,165000,US,On-Site,US,Medium,121715
2023,Executive,Full-Time,Data Scientist,249600,US,Fully Remote,US,Medium,199749
2023,Senior,Full-Time,Machine Learning Engineer,127600,US,On-Site,US,Medium,201918
2023,Senior,Full-Time,Machine Learning Engineer,150000,US,On-Site,US,Medium,201918
2023,Senior,Full-Time,Machine Learning Engineer,184950,US,On-Site,US,Medium,201918
2023,Mid-Level,Full-Time,Data Scientist,92000,US,On-Site,US,Medium,140360
2023,Mid-Level,Full-Time,Data Scientist,156000,US,On-Site,US,Medium,140360
2024,Senior,Full-Time,Machine Learning Engineer,137930,CA,On-Site,CA,Medium,180643
2024,Senior,Full-Time,Data Engineer,184000,US,On-Site,US,Medium,162159
2023,Senior,Full-Time,Data Scientist,132000,US,On-Site,US,Medium,173369
2023,Senior,Full-Time,Decision Scientist,129300,US,On-Site,US,Medium,173484
2023,Executive,Full-Time,Data Analyst,125000,US,On-Site,US,Medium,127588
2023,Senior,Full-Time,Data Engineer,70179,PT,On-Site,PT,Medium,83061
2023,Senior,Full-Time,Data Engineer,182500,US,Fully Remote,US,Medium,158529
2022,Entry-Level,Full-Time,Data Analyst,28368,FR,Hybrid,FR,Medium,33212
2023,Senior,Full-Time,Machine Learning Engineer,250000,US,On-Site,US,Medium,201918
2023,Senior,Full-Time,Data Architect,200000,US,Fully Remote,US,Medium,173332
2023,Mid-Level,Full-Time,Data Analyst,125000,US,On-Site,US,Medium,106011
2023,Mid-Level,Full-Time,Data Scientist,98432,GB,On-Site,GB,Medium,91460
2023,Senior,Full-Time,Data Architect,234000,US,Fully Remote,US,Medium,173332
2022,Mid-Level,Full-Time,Machine Learning Researcher,105236,CA,Hybrid,CA,Large,91909
2023,Senior,Full-Time,Machine Learning Engineer,127000,US,On-Site,US,Medium,201918
2023,Senior,Full-Time,Analytics Engineer,155800,US,Fully Remote,US,Medium,165674
2024,Mid-Level,Full-Time,Robotics Software Engineer,160000,US,On-Site,US,Medium,180058
2024,Mid-Level,Full-Time,Data Developer,100000,US,On-Site,US,Medium,117626
2023,Mid-Level,Contract,Machine Learning Engineer,180000,US,Fully Remote,US,Small,145949
2024,Mid-Level,Full-Time,Analytics Engineer,126000,US,On-Site,US,Medium,148408
2023,Entry-Level,Full-Time,Data Analyst,92280,GB,On-Site,GB,Medium,53627
2023,Senior,Full-Time,Data Analyst,95000,CA,Fully Remote,CA,Medium,134321
2023,Entry-Level,Full-Time,Data Analyst,72500,US,On-Site,US,Medium,86195
2023,Senior,Full-Time,Data Science Engineer,135000,US,Fully Remote,US,Medium,165418
2023,Mid-Level,Full-Time,Data Engineer,152000,CA,Fully Remote,CA,Medium,135900
2023,Senior,Full-Time,Data Engineer,66000,US,Fully Remote,US,Medium,158529
2024,Entry-Level,Full-Time,Data Analytics Specialist,44100,MT,On-Site,MT,Medium,46857
2024,Senior,Full-Time,Data Analyst,130000,US,On-Site,US,Medium,130006
2023,Senior,Full-Time,Machine Learning Scientist,300000,US,On-Site,US,Medium,202477
2023,Senior,Full-Time,Data Engineer,112000,US,On-Site,US,Medium,163312
2024,Executive,Full-Time,Head of Data,195000,US,On-Site,US,Medium,216497
2023,Senior,Full-Time,Machine Learning Engineer,188800,US,Fully Remote,US,Medium,188539
2023,Senior,Full-Time,Data Engineer,226600,US,On-Site,US,Medium,163312
2023,Senior,Full-Time,Data Analyst,80850,US,On-Site,US,Medium,128320
2023,Mid-Level,Full-Time,Applied Scientist,198000,US,Fully Remote,US,Medium,166624
2023,Entry-Level,Full-Time,Research Analyst,62000,US,Fully Remote,US,Medium,91654
2024,Mid-Level,Full-Time,Analytics Engineer,135000,US,Fully Remote,US,Medium,146437
2023,Senior,Full-Time,Principal Data Scientist,160000,US,Fully Remote,US,Large,175010
2023,Senior,Full-Time,ML Engineer,226000,US,Fully Remote,US,Medium,208784
2023,Senior,Full-Time,Data Science Consultant,94000,US,On-Site,US,Medium,141588
2023,Senior,Full-Time,Research Engineer,190000,US,On-Site,US,Medium,207266
2023,Senior,Full-Time,Machine Learning Engineer,95000,CA,Fully Remote,CA,Medium,159345
2023,Senior,Full-Time,Cloud Database Engineer,170000,US,Fully Remote,US,Large,150922
2023,Mid-Level,Full-Time,Research Scientist,275000,US,On-Site,US,Medium,183499
2023,Senior,Full-Time,Data Architect,140000,US,Fully Remote,US,Medium,173332
2023,Entry-Level,Full-Time,Cloud Data Engineer,100000,DE,Hybrid,US,Large,77577
2023,Senior,Full-Time,Machine Learning Engineer,269000,CA,Fully Remote,CA,Medium,159345
2023,Mid-Level,Full-Time,Data Scientist,160000,US,On-Site,US,Medium,140360
2024,Senior,Full-Time,Data Scientist,115000,US,Fully Remote,US,Medium,175703
2022,Mid-Level,Full-Time,Data Analytics Manager,140000,US,On-Site,US,Medium,124995
2022,Senior,Full-Time,Data Analyst,177000,US,On-Site,US,Medium,118314
2024,Senior,Full-Time,Data Pipeline Engineer,175000,US,On-Site,US,Medium,168824
2023,Senior,Full-Time,Analytics Engineer,120000,US,Fully Remote,US,Medium,165674
2022,Senior,Full-Time,Data Scientist,120000,US,Fully Remote,US,Medium,163950
2023,Entry-Level,Full-Time,Data Scientist,32974,GB,On-Site,GB,Medium,71009
2023,Senior,Full-Time,Data Scientist,153000,US,Fully Remote,US,Medium,174953
2023,Mid-Level,Full-Time,Data Scientist,131000,US,Fully Remote,US,Medium,141014
2023,Senior,Full-Time,Analytics Engineer,289800,US,On-Site,US,Medium,176399
2023,Senior,Full-Time,Data Science Consultant,189750,US,On-Site,US,Medium,141588
2024,Senior,Full-Time,Business Intelligence Engineer,34666,LV,On-Site,LV,Medium,77966
2024,Mid-Level,Full-Time,Business Intelligence Developer,67060,US,On-Site,US,Medium,107496
2022,Entry-Level,Full-Time,Applied Data Scientist,40000,AU,Fully Remote,PK,Medium,48925
2024,Senior,Full-Time,Machine Learning Engineer,163000,US,Fully Remote,US,Medium,196074
2022,Senior,Full-Time,Data Engineer,185000,US,Fully Remote,US,Medium,157016
2024,Mid-Level,Full-Time,BI Developer,62100,US,On-Site,US,Medium,110038
2023,Senior,Full-Time,Data Specialist,111600,US,On-Site,US,Medium,127869
2023,Senior,Full-Time,Data Scientist,195000,US,Fully Remote,US,Medium,174953
2022,Mid-Level,Full-Time,Data Scientist,61566,GB,On-Site,GB,Medium,84763
2023,Mid-Level,Full-Time,Data Engineer,145000,US,On-Site,US,Medium,141383
2023,Senior,Full-Time,Data Scientist,157750,US,On-Site,US,Medium,173369
2024,Executive,Full-Time,Data Science,221000,US,On-Site,US,Medium,187958
2024,Entry-Level,Full-Time,Data Analyst,159870,US,On-Site,US,Medium,93773
2022,Senior,Full-Time,Data Engineer,140000,US,Fully Remote,US,Medium,157016
2024,Senior,Full-Time,Machine Learning Engineer,81333,LT,On-Site,LT,Medium,131333
2024,Entry-Level,Full-Time,Data Management Analyst,120000,US,On-Site,US,Medium,88977
2023,Senior,Full-Time,Data Analyst,142000,US,On-Site,US,Medium,128320
2023,Senior,Full-Time,Data Science Engineer,266450,US,On-Site,US,Medium,174233
2023,Executive,Full-Time,Data Analyst,145000,US,On-Site,US,Medium,127588
2023,Mid-Level,Full-Time,Data Analyst,93000,US,Fully Remote,US,Large,103400
2022,Mid-Level,Full-Time,Data Engineer,145000,US,On-Site,US,Medium,135676
2023,Mid-Level,Full-Time,Data Engineer,187000,US,Fully Remote,US,Medium,137804
2024,Senior,Full-Time,Data Analyst,174000,US,Fully Remote,US,Medium,129854
2023,Senior,Full-Time,ETL Developer,53300,US,On-Site,US,Medium,117938
2023,Senior,Full-Time,Data Scientist,145000,US,On-Site,US,Medium,173369
2024,Senior,Full-Time,Applied Scientist,250000,US,Fully Remote,US,Medium,207614
2023,Senior,Full-Time,Applied Scientist,115100,US,On-Site,US,Large,223259
2024,Senior,Full-Time,Research Engineer,200800,US,On-Site,US,Medium,215335
2022,Mid-Level,Full-Time,Data Scientist,60938,DE,On-Site,DE,Medium,80234
2023,Senior,Full-Time,Data Scientist,258000,US,On-Site,US,Medium,173369
2023,Senior,Full-Time,Machine Learning Software Engineer,302000,US,On-Site,US,Medium,235770
2023,Senior,Full-Time,Data Engineer,133832,US,On-Site,US,Medium,163312
2023,Senior,Full-Time,Data Scientist,127000,US,Fully Remote,US,Medium,174953
2023,Entry-Level,Full-Time,Data Analyst,33220,GB,On-Site,GB,Medium,53627
2022,Senior,Full-Time,Data Analyst,171000,US,Fully Remote,AU,Large,161411
2023,Senior,Full-Time,Analytics Engineer,142400,US,On-Site,US,Medium,176399
2024,Senior,Full-Time,Data Science Consultant,90000,US,On-Site,US,Medium,139605
2024,Mid-Level,Full-Time,Data Scientist,198000,US,On-Site,US,Medium,135556
2022,Entry-Level,Full-Time,Data Manager,45600,US,Fully Remote,US,Medium,71120
2024,Senior,Full-Time,Data Engineer,146000,US,On-Site,US,Medium,162159
2022,Senior,Full-Time,Data Engineer,231250,US,Fully Remote,US,Medium,157016
2023,Senior,Full-Time,Data Analyst,132000,US,Fully Remote,US,Medium,122680
2022,Mid-Level,Full-Time,ML Engineer,148500,US,Fully Remote,US,Large,173999
2023,Mid-Level,Full-Time,AI Engineer,180000,US,On-Site,US,Medium,147099
2024,Senior,Full-Time,Data Science,150000,US,Fully Remote,US,Medium,163777
2023,Senior,Full-Time,Data Engineer,232000,US,On-Site,US,Medium,163312
2024,Senior,Full-Time,Data Engineer,154000,US,On-Site,US,Medium,162159
2023,Senior,Full-Time,Head of Data,258500,US,Fully Remote,US,Medium,201382
2023,Mid-Level,Full-Time,Machine Learning Engineer,158200,US,On-Site,US,Medium,167075
2024,Mid-Level,Full-Time,Data Engineer,126600,US,On-Site,US,Medium,137171
2023,Senior,Full-Time,Data Scientist,148750,US,On-Site,US,Medium,173369
2023,Senior,Full-Time,Data Engineer,77737,ES,Fully Remote,ES,Medium,72292
2024,Senior,Full-Time,Machine Learning Scientist,250000,US,Fully Remote,US,Medium,192404
2022,Senior,Full-Time,Applied Scientist,196000,US,Fully Remote,US,Medium,193851
2024,Senior,Full-Time,Data Science Consultant,112000,US,On-Site,US,Medium,139605
2023,Senior,Full-Time,Data Scientist,80000,US,Fully Remote,US,Medium,174953
2024,Mid-Level,Full-Time,Data Integration Specialist,54000,US,On-Site,US,Medium,113932
2024,Senior,Full-Time,Data Scientist,248600,US,On-Site,US,Medium,171625
2023,Mid-Level,Full-Time,Machine Learning Engineer,250000,US,On-Site,US,Medium,167075
2023,Senior,Full-Time,Machine Learning Engineer,158000,US,Fully Remote,US,Medium,188539
2024,Senior,Full-Time,Business Intelligence Engineer,147600,US,On-Site,US,Medium,141312
2023,Entry-Level,Full-Time,Data Analyst,28299,GB,On-Site,GB,Medium,53627
2023,Senior,Full-Time,Research Engineer,240000,US,On-Site,US,Medium,207266
2023,Senior,Full-Time,Data Integration Specialist,36483,IN,Hybrid,IN,Large,52080
2022,Senior,Full-Time,Data Scientist,190000,US,On-Site,US,Medium,152924
2024,Senior,Full-Time,Research Scientist,192700,US,On-Site,US,Medium,215335
2023,Senior,Full-Time,Data Analyst,171000,US,On-Site,US,Medium,128320
2024,Mid-Level,Full-Time,Business Intelligence Developer,87800,US,On-Site,US,Medium,107496
2024,Mid-Level,Full-Time,Data Engineer,112000,US,On-Site,US,Medium,137171
2023,Senior,Full-Time,Machine Learning Engineer,151600,US,On-Site,US,Medium,201918
2023,Senior,Full-Time,AI Engineer,220000,US,On-Site,US,Medium,176286
2022,Mid-Level,Full-Time,Research Engineer,105066,GB,Hybrid,GB,Small,69001
2023,Mid-Level,Full-Time,Data Scientist,85000,US,On-Site,US,Medium,140360
2023,Senior,Full-Time,AI Architect,146900,US,Fully Remote,US,Medium,229239
2022,Mid-Level,Full-Time,Data Scientist,52533,FR,Fully Remote,FR,Medium,72090
2023,Mid-Level,Full-Time,Research Engineer,120000,US,Fully Remote,US,Medium,158237
2023,Senior,Full-Time,Data Science Manager,328000,US,On-Site,US,Medium,223501
2024,Senior,Full-Time,Data Scientist,157500,US,On-Site,US,Medium,171625
2022,Senior,Full-Time,Machine Learning Engineer,202900,US,Fully Remote,US,Large,181416
2024,Entry-Level,Full-Time,Data Analyst,80000,US,Fully Remote,US,Medium,92098
2024,Senior,Full-Time,Data Scientist,146900,US,On-Site,US,Medium,171625
2024,Mid-Level,Full-Time,Data Scientist,119200,US,Fully Remote,US,Medium,138704
2023,Senior,Full-Time,BI Developer,106500,US,On-Site,US,Medium,129636
2024,Mid-Level,Full-Time,Data Scientist,212000,US,On-Site,US,Medium,135556
2023,Senior,Full-Time,Data Architect,221800,US,Fully Remote,US,Medium,173332
2023,Senior,Full-Time,Analytics Engineer,97750,US,On-Site,US,Medium,176399
2024,Senior,Full-Time,Data Scientist,314100,US,On-Site,US,Medium,171625
2023,Senior,Full-Time,Data Engineer,138666,GB,On-Site,GB,Medium,103770
2023,Senior,Full-Time,Research Engineer,141100,US,On-Site,US,Medium,207266
2024,Mid-Level,Full-Time,Data Scientist,165000,US,On-Site,US,Medium,135556
2024,Senior,Full-Time,Machine Learning Engineer,120000,US,Fully Remote,US,Medium,196074
2023,Senior,Full-Time,Data Analyst,148700,US,On-Site,US,Medium,128320
2024,Mid-Level,Full-Time,Data Engineer,184000,US,On-Site,US,Medium,137171
2023,Entry-Level,Full-Time,Financial Data Analyst,56500,US,Hybrid,US,Large,126106
2024,Senior,Full-Time,Data Engineer,108500,US,On-Site,US,Medium,162159
2021,Senior,Freelance,Machine Learning Developer,60000,NG,Fully Remote,NG,Medium,66059
2024,Senior,Full-Time,Machine Learning Engineer,189360,US,Fully Remote,US,Medium,196074
2023,Senior,Full-Time,Data Manager,68000,US,On-Site,US,Medium,135577
2023,Senior,Full-Time,Data Analyst,144100,US,Fully Remote,US,Medium,122680
2024,Mid-Level,Full-Time,Business Intelligence Analyst,100000,US,On-Site,US,Medium,118462
2023,Entry-Level,Full-Time,Data Analyst,60000,US,Fully Remote,US,Medium,79277
2024,Mid-Level,Full-Time,Data Scientist,120000,US,Fully Remote,US,Medium,138704
2023,Mid-Level,Full-Time,Machine Learning Engineer,237400,US,On-Site,US,Medium,167075
2023,Entry-Level,Full-Time,Business Intelligence Analyst,100000,US,On-Site,US,Medium,97495
2023,Senior,Full-Time,NLP Engineer,235000,US,On-Site,US,Medium,227106
2024,Mid-Level,Full-Time,Data Scientist,105000,US,On-Site,US,Medium,135556
2024,Mid-Level,Full-Time,Data Engineer,46500,GB,On-Site,GB,Medium,75449
2024,Mid-Level,Full-Time,Data Analyst,160000,US,Fully Remote,US,Medium,107696
2024,Senior,Full-Time,Machine Learning Engineer,309000,US,On-Site,US,Medium,204712
2023,Senior,Full-Time,AI Engineer,64781,ES,Fully Remote,ES,Medium,66991
2023,Senior,Full-Time,Data Scientist,231000,US,Fully Remote,US,Medium,174953
2023,Senior,Full-Time,Data Architect,126300,US,On-Site,US,Medium,161326
2023,Mid-Level,Full-Time,Data Engineer,61520,GB,Fully Remote,GB,Medium,80273
2023,Mid-Level,Full-Time,Data Manager,127000,US,Fully Remote,US,Medium,96498
2024,Mid-Level,Full-Time,Data Scientist,203500,US,Fully Remote,US,Medium,138704
2023,Senior,Full-Time,Data Analyst,204500,US,On-Site,US,Medium,128320
2024,Senior,Full-Time,Data Scientist,138500,CA,Fully Remote,CA,Medium,163394
2023,Mid-Level,Full-Time,Data Scientist,96313,CA,Fully Remote,CA,Small,110302
2023,Senior,Full-Time,Data Management Specialist,110000,US,On-Site,US,Medium,135577
2024,Senior,Full-Time,Data Scientist,144000,US,On-Site,US,Medium,171625
2023,Senior,Full-Time,Research Analyst,87400,US,On-Site,US,Medium,140074
2024,Senior,Full-Time,Machine Learning Engineer,290000,US,On-Site,US,Medium,204712
2023,Senior,Full-Time,Data Engineer,152375,US,On-Site,US,Medium,163312
2023,Senior,Full-Time,Data Analyst,51824,ES,On-Site,ES,Medium,61328
2022,Senior,Full-Time,ML Engineer,195400,US,Fully Remote,US,Large,201661
2023,Senior,Full-Time,Machine Learning Engineer,184700,US,On-Site,US,Medium,201918
2024,Senior,Full-Time,Data Scientist,139500,US,On-Site,US,Medium,171625
2024,Mid-Level,Full-Time,Data Analyst,72500,US,On-Site,US,Medium,107663
2023,Senior,Full-Time,Data Analyst,140130,US,On-Site,US,Medium,128320
2022,Entry-Level,Full-Time,Data Scientist,50000,US,Hybrid,DE,Medium,86975
2023,Senior,Full-Time,Data Scientist,239748,US,On-Site,US,Medium,173369
2023,Senior,Full-Time,AI Engineer,83900,US,On-Site,US,Medium,176286
2024,Senior,Full-Time,Business Intelligence Engineer,79600,US,On-Site,US,Large,147851
2023,Senior,Full-Time,Data Scientist,201000,US,On-Site,US,Medium,173369
2023,Entry-Level,Full-Time,Data Engineer,125000,US,On-Site,US,Medium,111560
2024,Senior,Full-Time,ML Engineer,93300,US,On-Site,US,Medium,197146
2023,Senior,Full-Time,Analytics Engineer,115000,US,On-Site,US,Medium,176399
2023,Senior,Full-Time,Business Intelligence Engineer,118200,US,Fully Remote,US,Medium,135285
2024,Senior,Full-Time,Data Scientist,115000,US,On-Site,US,Medium,171625
2024,Mid-Level,Full-Time,Data Engineer,148000,US,On-Site,US,Medium,137171
2023,Mid-Level,Full-Time,Data Engineer,148000,US,On-Site,US,Medium,141383
2023,Senior,Full-Time,Data Analyst,168000,CA,On-Site,CA,Medium,131873
2023,Mid-Level,Full-Time,Data Manager,130000,US,On-Site,US,Medium,113649
2024,Senior,Full-Time,Data Engineer,198000,US,On-Site,US,Medium,162159
2023,Senior,Full-Time,Applied Scientist,215000,US,On-Site,US,Medium,186452
2024,Executive,Full-Time,Data Engineer,191857,US,On-Site,US,Medium,185494
2023,Senior,Full-Time,Data Analytics Lead,84000,US,On-Site,US,Medium,144283
2023,Senior,Full-Time,Machine Learning Infrastructure Engineer,79976,GB,Fully Remote,GB,Medium,129630
2024,Entry-Level,Full-Time,Data Analyst,75000,US,On-Site,US,Medium,93773
2023,Senior,Full-Time,Data Scientist,111967,US,Fully Remote,US,Medium,174953
2022,Senior,Full-Time,Machine Learning Engineer,200000,US,Fully Remote,US,Large,181416
2022,Mid-Level,Full-Time,Analytics Engineer,85000,US,Fully Remote,US,Medium,126099
2022,Senior,Full-Time,Data Science Manager,120000,US,On-Site,US,Medium,184487
2023,Mid-Level,Full-Time,Data Engineer,100000,US,Fully Remote,US,Medium,137804
2024,Mid-Level,Full-Time,Machine Learning Engineer,133333,DE,On-Site,DE,Medium,109272
2024,Senior,Full-Time,Research Engineer,440000,US,On-Site,US,Medium,215335
2022,Senior,Full-Time,Data Engineer,150000,US,On-Site,US,Medium,153391
2023,Senior,Full-Time,Business Intelligence Engineer,84600,US,Fully Remote,US,Medium,135285
2024,Entry-Level,Full-Time,Data Analyst,64900,US,Fully Remote,US,Medium,92098
2024,Mid-Level,Full-Time,Analytics Engineer,78000,US,On-Site,US,Medium,148408
2023,Mid-Level,Full-Time,Data Analyst,54000,US,Fully Remote,US,Medium,100557
2023,Mid-Level,Full-Time,Data Scientist,35000,IN,On-Site,IN,Large,51161
2024,Mid-Level,Full-Time,Data Engineer,68000,US,Fully Remote,US,Medium,136086
2023,Senior,Full-Time,Data Scientist,189100,US,On-Site,US,Medium,173369
2023,Mid-Level,Full-Time,Data Scientist,75000,US,On-Site,US,Medium,140360
2023,Entry-Level,Full-Time,Data Scientist,149800,US,On-Site,US,Medium,111924
2023,Mid-Level,Full-Time,Data Analyst,73100,US,On-Site,US,Medium,106011
2024,Executive,Full-Time,Data Engineer,225000,US,On-Site,US,Medium,185494
2024,Senior,Full-Time,Data Operations Specialist,121500,US,On-Site,US,Medium,127056
2023,Mid-Level,Full-Time,Data Science Consultant,100000,US,Fully Remote,US,Medium,117522
2024,Mid-Level,Full-Time,Data Engineer,170000,US,On-Site,US,Medium,137171
2023,Senior,Full-Time,Data Architect,210000,US,Fully Remote,US,Medium,173332
2023,Senior,Full-Time,Data Science Practitioner,122600,US,On-Site,US,Medium,168735
2024,Senior,Full-Time,Data Scientist,244800,US,On-Site,US,Medium,171625
2023,Mid-Level,Full-Time,Data Scientist,169000,US,On-Site,US,Medium,140360
2024,Senior,Full-Time,Research Analyst,94600,US,On-Site,US,Medium,148042
2024,Mid-Level,Full-Time,Data Manager,130000,US,On-Site,US,Medium,113053
2023,Senior,Full-Time,Data Engineer,121700,US,Fully Remote,US,Medium,158529
2023,Senior,Full-Time,Data Science Manager,255000,US,On-Site,US,Medium,223501
2023,Entry-Level,Full-Time,Data Analyst,94035,US,Fully Remote,US,Medium,79277
2023,Senior,Full-Time,Data Analyst,94000,US,On-Site,US,Medium,128320
2023,Senior,Full-Time,Data Scientist,82365,US,On-Site,US,Medium,173369
2022,Senior,Full-Time,Analytics Engineer,122500,US,Fully Remote,US,Medium,140065
2024,Senior,Full-Time,Data Modeler,130000,US,Fully Remote,US,Medium,120011
2023,Senior,Full-Time,Research Scientist,142200,US,On-Site,US,Medium,207266
2023,Entry-Level,Full-Time,Research Engineer,98000,US,On-Site,US,Medium,163156
2024,Mid-Level,Full-Time,Data Scientist,146000,CA,On-Site,CA,Medium,118760
2024,Senior,Full-Time,Data Manager,95300,US,Fully Remote,US,Medium,120011
2024,Mid-Level,Full-Time,Data Science,170000,US,On-Site,US,Medium,139634
2022,Senior,Full-Time,Data Scientist,130240,US,On-Site,US,Medium,152924
2023,Senior,Full-Time,Research Engineer,253000,US,Fully Remote,US,Medium,185963
2024,Senior,Full-Time,Data Analytics Lead,166000,US,On-Site,US,Medium,143366
2024,Mid-Level,Full-Time,Data Scientist,168000,US,On-Site,US,Medium,135556
2024,Senior,Full-Time,Business Intelligence Manager,106250,GB,On-Site,GB,Medium,88809
2023,Senior,Full-Time,Data Scientist,173175,CA,Fully Remote,CA,Medium,159714
2023,Senior,Full-Time,Data Analyst,74178,US,On-Site,US,Medium,128320
2024,Senior,Full-Time,Data Analyst,160000,US,On-Site,US,Medium,130006
2022,Mid-Level,Full-Time,Data Analyst,65000,US,On-Site,US,Medium,99720
2023,Senior,Full-Time,Data Engineer,123600,US,Fully Remote,US,Medium,158529
2023,Senior,Full-Time,Data Scientist,110250,US,On-Site,US,Medium,173369
2022,Senior,Full-Time,Data Scientist,101570,US,Fully Remote,US,Medium,163950
2022,Entry-Level,Full-Time,Data Manager,77300,US,Fully Remote,US,Medium,71120
2024,Senior,Full-Time,Machine Learning Engineer,296400,US,On-Site,US,Medium,204712
2023,Senior,Full-Time,Analytics Engineer,231250,US,Fully Remote,US,Medium,165674
2023,Senior,Full-Time,Data Engineer,113750,US,On-Site,US,Medium,163312
2023,Executive,Full-Time,Data Engineer,204500,US,On-Site,US,Medium,184765
2024,Entry-Level,Full-Time,Applied Scientist,166000,US,Fully Remote,US,Medium,154555
2023,Senior,Full-Time,BI Analyst,125000,US,On-Site,US,Medium,129636
2023,Senior,Full-Time,Data Engineer,247300,US,Fully Remote,US,Medium,158529
2024,Senior,Full-Time,Data Architect,381500,US,On-Site,US,Medium,167461
2023,Senior,Full-Time,Data Science Consultant,29301,TH,Hybrid,TH,Medium,41517
2023,Senior,Full-Time,Analytics Engineer,200000,US,Fully Remote,US,Large,211441
2022,Senior,Full-Time,Data Architect,102100,US,On-Site,US,Medium,151985
2023,Entry-Level,Full-Time,Business Intelligence Analyst,65000,US,On-Site,US,Medium,97495
2023,Senior,Full-Time,Research Engineer,170112,US,On-Site,US,Medium,207266
2024,Mid-Level,Full-Time,Data Specialist,100000,US,On-Site,US,Medium,99453
2024,Entry-Level,Full-Time,Data Analyst,73756,US,On-Site,US,Medium,93773
2023,Senior,Full-Time,ML Engineer,114979,AU,Fully Remote,AU,Large,248369
2023,Senior,Full-Time,Machine Learning Engineer,176100,US,On-Site,US,Large,200465
2023,Mid-Level,Full-Time,Data Developer,130000,US,Fully Remote,US,Medium,118259
2024,Entry-Level,Full-Time,Data Scientist,82915,US,On-Site,US,Medium,108461
2023,Mid-Level,Full-Time,Data Engineer,110736,GB,Fully Remote,GB,Medium,80273
2024,Senior,Full-Time,Machine Learning Engineer,212000,EG,On-Site,EG,Medium,164730
2024,Mid-Level,Full-Time,Data Analyst,165500,US,Fully Remote,US,Medium,107696
2023,Entry-Level,Full-Time,Data Scientist,19910,BR,Fully Remote,BR,Large,24440
2024,Mid-Level,Full-Time,Business Intelligence Engineer,186846,US,On-Site,US,Medium,120277
2023,Mid-Level,Full-Time,Research Scientist,238000,US,On-Site,US,Medium,183499
2024,Mid-Level,Full-Time,Machine Learning Engineer,125100,US,On-Site,US,Medium,165956
2024,Senior,Full-Time,Machine Learning Engineer,303400,US,Fully Remote,US,Medium,196074
2024,Senior,Full-Time,Data Analyst,200200,US,On-Site,US,Medium,130006
2023,Mid-Level,Full-Time,Data Analyst,95000,US,On-Site,US,Medium,106011
2024,Senior,Full-Time,AI Architect,99750,US,Fully Remote,US,Medium,153335
2024,Mid-Level,Full-Time,Data Scientist,123800,US,Fully Remote,US,Medium,138704
2022,Senior,Full-Time,Analytics Engineer,250000,US,On-Site,US,Medium,161330
2024,Senior,Full-Time,Business Intelligence,172800,US,On-Site,US,Medium,152508
2023,Senior,Full-Time,Data Scientist,86700,US,On-Site,US,Large,171916
2023,Senior,Full-Time,Data Scientist,122900,US,On-Site,US,Large,171916
2022,Senior,Full-Time,ETL Developer,146200,US,Fully Remote,US,Medium,144494
2024,Entry-Level,Full-Time,Data Analyst,140000,US,On-Site,US,Medium,93773
2024,Senior,Full-Time,Data Engineer,131414,US,Fully Remote,US,Medium,159871
2022,Senior,Full-Time,Machine Learning Engineer,185000,MX,Fully Remote,MX,Medium,91468
2023,Entry-Level,Full-Time,Data Analyst,86000,US,On-Site,US,Medium,86195
2024,Mid-Level,Full-Time,ML Ops Engineer,114800,US,On-Site,US,Medium,158390
2023,Senior,Full-Time,Data Scientist,159375,US,Fully Remote,US,Medium,174953
2024,Senior,Full-Time,AI Engineer,180000,US,On-Site,US,Medium,173098
2024,Senior,Full-Time,Data Analyst,120000,US,On-Site,US,Medium,130006
2022,Senior,Full-Time,Data Scientist,51000,US,Fully Remote,US,Medium,163950
2023,Senior,Full-Time,BI Analyst,112655,US,Fully Remote,US,Medium,120739
2022,Mid-Level,Full-Time,Data Engineer,260000,US,On-Site,US,Medium,135676
2024,Mid-Level,Full-Time,Data Science,86000,US,On-Site,US,Medium,139634
2023,Senior,Full-Time,Computer Vision Engineer,184590,US,On-Site,US,Medium,199001
2024,Mid-Level,Full-Time,Data Engineer,308000,US,On-Site,US,Medium,137171
2023,Mid-Level,Full-Time,Data Engineer,155000,US,On-Site,US,Medium,141383
2023,Senior,Full-Time,Data Engineer,190100,US,Fully Remote,US,Medium,158529
2023,Senior,Full-Time,Data Scientist,191000,US,Fully Remote,US,Medium,174953
2023,Senior,Full-Time,Research Scientist,374000,US,On-Site,US,Medium,207266
2023,Senior,Full-Time,BI Developer,135000,US,Fully Remote,US,Medium,120739
2024,Senior,Full-Time,AI Engineer,95325,US,On-Site,US,Medium,173098
2023,Senior,Full-Time,Data Analyst,106000,US,On-Site,US,Medium,128320
2023,Mid-Level,Full-Time,Business Intelligence Specialist,68274,US,On-Site,US,Medium,107474
2023,Senior,Full-Time,Data Engineer,72000,US,Fully Remote,US,Medium,158529
2023,Senior,Full-Time,Research Scientist,345000,US,On-Site,US,Medium,207266
2023,Senior,Full-Time,Data Visualization Engineer,83900,US,On-Site,US,Medium,133195
2024,Senior,Full-Time,Research Scientist,164000,US,Fully Remote,US,Medium,187715
2023,Senior,Full-Time,Data Engineer,136600,US,Fully Remote,US,Medium,158529
2023,Senior,Full-Time,Data Analyst,74400,US,On-Site,US,Medium,128320
2023,Senior,Full-Time,Data Analyst,122000,US,Fully Remote,US,Medium,122680
2023,Senior,Full-Time,Data Scientist,235000,US,Fully Remote,US,Medium,174953
2023,Senior,Full-Time,Research Engineer,156400,US,Fully Remote,US,Medium,185963
2023,Mid-Level,Full-Time,Machine Learning Engineer,219000,US,Hybrid,US,Large,155129
2024,Senior,Full-Time,Data Analyst,83576,US,On-Site,US,Medium,130006
2023,Senior,Full-Time,Data Analyst,104300,US,On-Site,US,Large,131163
2024,Senior,Full-Time,Machine Learning Engineer,92000,AR,Fully Remote,AR,Medium,90371
2023,Senior,Full-Time,Data Engineer,112200,US,On-Site,US,Medium,163312
2023,Senior,Full-Time,Data Infrastructure Engineer,143000,US,Fully Remote,US,Medium,168124
2023,Mid-Level,Full-Time,Data Engineer,129300,US,On-Site,US,Medium,141383
2024,Mid-Level,Full-Time,Data Engineer,118400,US,On-Site,US,Medium,137171
2023,Mid-Level,Full-Time,ML Engineer,180000,US,On-Site,US,Medium,170370
2024,Mid-Level,Full-Time,Data Scientist,53133,GB,On-Site,GB,Medium,80543
2023,Senior,Full-Time,Data Scientist,172256,GB,Fully Remote,GB,Medium,120862
2023,Mid-Level,Full-Time,AI Engineer,120000,US,On-Site,US,Medium,147099
2023,Senior,Full-Time,Machine Learning Scientist,157250,US,Fully Remote,US,Medium,185503
2024,Entry-Level,Full-Time,Machine Learning Engineer,162240,US,On-Site,US,Medium,131922
2023,Senior,Full-Time,Analytics Engineer,179820,US,On-Site,US,Medium,176399
2023,Executive,Full-Time,Data Engineer,220000,US,On-Site,US,Medium,184765
2024,Senior,Full-Time,Data Scientist,68750,US,On-Site,US,Medium,171625
2024,Senior,Full-Time,Data Scientist,225000,US,On-Site,US,Medium,171625
2023,Executive,Full-Time,Director of Data Science,353200,US,On-Site,US,Medium,265859
2022,Senior,Full-Time,Data Engineer,132100,US,Fully Remote,US,Large,159676
2023,Senior,Full-Time,Data Scientist,168800,US,Fully Remote,US,Medium,174953
2023,Mid-Level,Full-Time,Data Engineer,114000,US,On-Site,US,Medium,141383
2024,Mid-Level,Full-Time,Applied Scientist,170000,US,On-Site,US,Medium,169224
2023,Senior,Full-Time,Machine Learning Engineer,280000,US,On-Site,US,Medium,201918
2023,Senior,Full-Time,Research Engineer,155850,US,On-Site,US,Medium,207266
2023,Senior,Full-Time,Machine Learning Scientist,157250,US,On-Site,US,Medium,202477
2024,Mid-Level,Full-Time,Analytics Engineer,100000,US,On-Site,US,Medium,148408
2024,Mid-Level,Full-Time,Data Engineer,45775,GB,On-Site,GB,Medium,75449
2024,Mid-Level,Full-Time,Data Engineer,235000,US,On-Site,US,Medium,137171
2024,Mid-Level,Full-Time,Data Engineer,148100,US,Fully Remote,US,Medium,136086
2023,Senior,Full-Time,Data Engineer,123906,US,On-Site,US,Medium,163312
2024,Senior,Full-Time,ML Engineer,167200,US,On-Site,US,Medium,197146
2023,Mid-Level,Full-Time,Machine Learning Engineer,110000,US,Fully Remote,US,Large,153777
2024,Mid-Level,Full-Time,Data Engineer,116200,US,On-Site,US,Medium,137171
2023,Senior,Full-Time,Data Engineer,65000,US,Fully Remote,US,Medium,158529
2024,Senior,Full-Time,Machine Learning Engineer,190400,US,On-Site,US,Medium,204712
2023,Senior,Full-Time,MLOps Engineer,247300,US,On-Site,US,Medium,206800
2023,Mid-Level,Full-Time,Research Scientist,200000,US,On-Site,US,Medium,183499
2023,Senior,Full-Time,Research Scientist,136000,US,On-Site,US,Medium,207266
2023,Senior,Full-Time,Machine Learning Engineer,205318,US,Fully Remote,US,Medium,188539
2024,Senior,Full-Time,Data Architect,81800,US,On-Site,US,Medium,167461
2024,Senior,Full-Time,Data Science,133200,US,On-Site,US,Medium,164623
2023,Mid-Level,Full-Time,Data Scientist,108560,US,On-Site,US,Medium,140360
2024,Mid-Level,Full-Time,Data Analyst,81200,US,On-Site,US,Medium,107663
2022,Senior,Full-Time,Data Analyst,86193,GB,On-Site,GB,Medium,79062
2023,Mid-Level,Full-Time,Business Intelligence Analyst,153800,US,Fully Remote,US,Medium,111857
2024,Senior,Full-Time,Data Scientist,273500,US,On-Site,US,Medium,171625
2023,Mid-Level,Full-Time,Data Engineer,146000,US,On-Site,US,Medium,141383
2023,Senior,Full-Time,Data Analyst,85500,US,On-Site,US,Medium,128320
2024,Senior,Full-Time,Data Analyst,82000,US,On-Site,US,Medium,130006
2024,Senior,Full-Time,Business Intelligence Developer,147500,US,Fully Remote,US,Medium,119011
2023,Mid-Level,Full-Time,Research Scientist,102000,US,On-Site,US,Medium,183499
2023,Executive,Full-Time,Head of Data,329500,US,On-Site,US,Medium,217967
2023,Senior,Full-Time,Machine Learning Engineer,218000,US,Fully Remote,US,Medium,188539
2024,Senior,Full-Time,Business Intelligence,134900,US,On-Site,US,Medium,152508
2022,Mid-Level,Full-Time,Business Data Analyst,18314,IN,Hybrid,IN,Large,32841
2023,Executive,Full-Time,Data Engineer,135000,US,On-Site,US,Medium,184765
2024,Senior,Full-Time,Data Developer,71000,CA,On-Site,CA,Medium,108063
2022,Senior,Full-Time,Data Analyst,68400,US,Fully Remote,US,Medium,118871
2023,Mid-Level,Full-Time,AI Scientist,54000,KR,On-Site,KR,Small,49462
2024,Senior,Full-Time,Data Engineer,168600,US,Fully Remote,US,Medium,159871
2024,Executive,Full-Time,Data Science Engineer,160000,US,On-Site,US,Medium,181155
2024,Senior,Full-Time,Research Scientist,144600,US,On-Site,US,Medium,215335
2022,Mid-Level,Full-Time,Data Engineer,75000,US,Fully Remote,US,Medium,138127
2024,Executive,Full-Time,Data Engineer,314000,CA,Fully Remote,CA,Medium,238568
2023,Senior,Full-Time,Data Engineer,124500,US,On-Site,US,Medium,163312
2024,Mid-Level,Full-Time,Data Scientist,179000,US,On-Site,US,Medium,135556
2023,Senior,Full-Time,Data Scientist,187000,US,On-Site,US,Medium,173369
2023,Mid-Level,Full-Time,Data Engineer,123500,US,On-Site,US,Medium,141383
2023,Senior,Full-Time,Data Scientist,143250,US,On-Site,US,Medium,173369
2024,Senior,Full-Time,Data Engineer,194500,US,On-Site,US,Medium,162159
2024,Mid-Level,Full-Time,Research Engineer,73000,US,On-Site,US,Medium,173952
2022,Senior,Full-Time,Data Scientist,136000,US,Fully Remote,US,Medium,163950
2023,Mid-Level,Full-Time,BI Developer,80000,US,Fully Remote,US,Medium,101715
2023,Senior,Full-Time,Research Scientist,132500,US,On-Site,US,Medium,207266
2023,Senior,Full-Time,Data Scientist,203649,US,Fully Remote,US,Medium,174953
2023,Senior,Full-Time,Research Scientist,125000,US,On-Site,US,Medium,207266
2023,Senior,Full-Time,Analytics Engineer,145000,US,On-Site,US,Medium,176399
2023,Senior,Full-Time,Data Lead,350000,US,On-Site,US,Medium,227860
2023,Senior,Full-Time,Data Scientist,153600,US,On-Site,US,Medium,173369
2024,Senior,Full-Time,Machine Learning Engineer,220600,US,On-Site,US,Medium,204712
2023,Senior,Full-Time,Business Intelligence Engineer,165600,US,On-Site,US,Large,149003
2023,Mid-Level,Full-Time,Data Scientist,72700,US,On-Site,US,Medium,140360
2024,Senior,Full-Time,Data Science,180000,US,On-Site,US,Medium,164623
2023,Senior,Full-Time,Data Scientist,145900,US,On-Site,US,Medium,173369
2023,Senior,Full-Time,Business Intelligence Developer,66825,US,On-Site,US,Medium,129683
2024,Senior,Full-Time,Research Scientist,321000,US,Fully Remote,US,Medium,187715
2023,Senior,Full-Time,Data Engineer,172900,US,On-Site,US,Medium,163312
2024,Mid-Level,Full-Time,Data Analyst,154000,US,On-Site,US,Medium,107663
2024,Senior,Full-Time,Data Engineer,95000,US,Fully Remote,US,Medium,159871
2023,Senior,Full-Time,ML Engineer,202353,US,On-Site,US,Medium,206066
2024,Senior,Full-Time,Machine Learning Engineer,145400,US,On-Site,US,Medium,204712
2024,Mid-Level,Full-Time,Data Science,57753,GB,On-Site,GB,Medium,78642
2024,Mid-Level,Full-Time,Analytics Engineer,148000,US,Fully Remote,US,Medium,146437
2022,Senior,Full-Time,AI Scientist,125000,CO,Fully Remote,CO,Large,124394
2023,Executive,Full-Time,Data Engineer,234000,US,On-Site,US,Medium,184765
2024,Entry-Level,Full-Time,Data Analyst,47500,US,On-Site,US,Medium,93773
2023,Executive,Full-Time,Data Engineer,174500,US,Fully Remote,US,Medium,197288
2023,Senior,Full-Time,Data Analyst,94400,US,Fully Remote,US,Medium,122680
2024,Entry-Level,Full-Time,Data Analyst,87400,US,On-Site,US,Medium,93773
2023,Senior,Full-Time,Data Engineer,253200,US,On-Site,US,Medium,163312
2022,Mid-Level,Full-Time,Research Scientist,126080,DE,On-Site,DE,Small,112531
2023,Senior,Full-Time,Business Intelligence Developer,138000,US,On-Site,US,Medium,129683
2023,Mid-Level,Full-Time,ML Engineer,235000,US,On-Site,US,Medium,170370
2022,Senior,Full-Time,Data Analyst,89200,US,Fully Remote,US,Medium,118871
2022,Senior,Full-Time,Data Engineer,161000,US,Fully Remote,US,Medium,157016
2024,Entry-Level,Full-Time,Data Integration Engineer,135000,US,Fully Remote,US,Medium,106159
2023,Senior,Full-Time,Data Engineer,168400,US,On-Site,US,Medium,163312
2023,Senior,Full-Time,Data Analyst,72000,US,Fully Remote,US,Medium,122680
2024,Senior,Full-Time,Data Developer,130000,US,Fully Remote,US,Medium,142284
2023,Senior,Full-Time,Machine Learning Engineer,152022,US,On-Site,US,Medium,201918
2023,Mid-Level,Full-Time,Machine Learning Research Engineer,73824,GB,On-Site,GB,Large,110223
2023,Senior,Full-Time,Data Analyst,94770,US,Fully Remote,US,Medium,122680
2023,Senior,Full-Time,Research Engineer,168000,US,On-Site,US,Medium,207266
2023,Senior,Full-Time,Data Operations Analyst,82000,US,On-Site,US,Medium,129874
2024,Mid-Level,Full-Time,Data Science,80000,US,Fully Remote,US,Medium,139991
2023,Senior,Full-Time,Data Scientist,172000,US,Fully Remote,US,Medium,174953
2024,Senior,Full-Time,Data Scientist,71250,US,On-Site,US,Medium,171625
2022,Senior,Full-Time,Data Scientist,175000,US,On-Site,US,Medium,152924
2024,Senior,Full-Time,Data Scientist,234700,US,On-Site,US,Medium,171625
2023,Senior,Full-Time,Data Scientist,101500,US,On-Site,US,Medium,173369
2022,Senior,Full-Time,Data Scientist,208000,US,Fully Remote,US,Medium,163950
2024,Senior,Full-Time,Machine Learning Engineer,250900,US,On-Site,US,Medium,204712
2024,Senior,Full-Time,Data Analyst,95717,NL,Fully Remote,NL,Medium,75177
2024,Senior,Full-Time,Data Scientist,67500,US,On-Site,US,Medium,171625
2024,Senior,Full-Time,Research Engineer,300000,GB,On-Site,GB,Medium,210944
2024,Mid-Level,Full-Time,BI Developer,106100,US,On-Site,US,Medium,110038
2024,Senior,Full-Time,Data Scientist,157850,US,Fully Remote,US,Medium,175703
2023,Mid-Level,Full-Time,Machine Learning Engineer,130000,US,On-Site,US,Medium,167075
2024,Mid-Level,Full-Time,Data Engineer,140900,US,Fully Remote,US,Medium,136086
2024,Mid-Level,Full-Time,Machine Learning Engineer,160000,US,Fully Remote,US,Medium,159909
2024,Senior,Full-Time,Analytics Engineer,165000,US,Fully Remote,US,Medium,164732
2024,Mid-Level,Full-Time,Analytics Engineer,116550,US,On-Site,US,Medium,148408
2024,Senior,Full-Time,Data Engineer,95000,US,On-Site,US,Medium,162159
2024,Mid-Level,Full-Time,Data Analyst,80000,US,On-Site,US,Medium,107663
2024,Mid-Level,Full-Time,Analytics Engineer,117400,US,On-Site,US,Medium,148408
2024,Entry-Level,Full-Time,Business Intelligence Analyst,99000,US,On-Site,US,Medium,101659
2023,Senior,Full-Time,Data Engineer,175308,US,On-Site,US,Medium,163312
2023,Senior,Full-Time,Machine Learning Scientist,142200,CA,On-Site,CA,Medium,180677
2024,Mid-Level,Full-Time,Data Scientist,93300,EG,On-Site,EG,Medium,102076
2022,Entry-Level,Full-Time,Business Data Analyst,48000,US,Hybrid,US,Large,81353
2024,Senior,Full-Time,Data Scientist,109400,US,On-Site,US,Medium,171625
2023,Senior,Full-Time,Machine Learning Engineer,119250,US,On-Site,US,Medium,201918
2023,Senior,Full-Time,Data Science Manager,140100,US,On-Site,US,Large,223586
2024,Senior,Full-Time,Research Analyst,87500,GB,On-Site,GB,Medium,112285
2023,Senior,Full-Time,ML Engineer,247250,US,On-Site,US,Medium,206066
2023,Senior,Full-Time,Data Scientist,216100,US,On-Site,US,Medium,173369
2023,Senior,Full-Time,Machine Learning Infrastructure Engineer,180000,US,On-Site,US,Medium,201877
2023,Entry-Level,Full-Time,Data Visualization Specialist,82800,US,On-Site,US,Medium,110256
2024,Senior,Full-Time,Machine Learning Engineer,240000,US,Fully Remote,US,Medium,196074
2024,Senior,Full-Time,Data Scientist,238400,US,On-Site,US,Medium,171625
2022,Mid-Level,Full-Time,Business Data Analyst,150000,US,Fully Remote,US,Large,113113
2023,Senior,Full-Time,ML Engineer,290000,US,Fully Remote,US,Medium,208784
2022,Mid-Level,Full-Time,Machine Learning Researcher,100000,US,Fully Remote,US,Medium,150563
2024,Senior,Full-Time,Machine Learning Engineer,177300,US,Fully Remote,US,Medium,196074
2024,Entry-Level,Full-Time,Data Operations Associate,51375,US,On-Site,US,Medium,79205
2024,Entry-Level,Full-Time,Machine Learning Research Engineer,80769,CA,Hybrid,CA,Medium,84545
2024,Executive,Full-Time,Machine Learning Engineer,290000,US,On-Site,US,Medium,232259
2023,Entry-Level,Full-Time,Data Engineer,48000,US,Fully Remote,US,Medium,108012
2023,Senior,Full-Time,Business Intelligence Analyst,115600,US,On-Site,US,Medium,138060
2023,Senior,Full-Time,Data Scientist,125000,US,On-Site,US,Medium,173369
2024,Mid-Level,Full-Time,Data Scientist,88995,AU,On-Site,AU,Medium,113694
2023,Senior,Full-Time,Data Visualization Engineer,170200,US,On-Site,US,Medium,133195
2024,Mid-Level,Full-Time,Encounter Data Management Professional,47700,US,On-Site,US,Medium,104266
2024,Executive,Full-Time,Data Analyst,175000,US,On-Site,US,Medium,135608
2022,Senior,Full-Time,Applied Scientist,230000,US,Fully Remote,US,Medium,193851
2023,Senior,Full-Time,Research Engineer,107100,US,On-Site,US,Medium,207266
2022,Senior,Full-Time,Data Analyst,99750,US,Fully Remote,US,Medium,118871
2024,Senior,Full-Time,Data Scientist,218000,US,On-Site,US,Medium,171625
2024,Senior,Full-Time,Data Scientist,172000,US,On-Site,US,Medium,171625
2022,Senior,Full-Time,Data Architect,180000,US,Fully Remote,US,Medium,172398
2023,Senior,Full-Time,Data Scientist,215625,US,Fully Remote,US,Medium,174953
2023,Executive,Full-Time,Data Lead,230000,US,On-Site,US,Medium,225785
2023,Mid-Level,Full-Time,Data Analyst,105000,US,Fully Remote,US,Medium,100557
2023,Mid-Level,Full-Time,Data Analyst,98432,GB,On-Site,GB,Medium,70536
2024,Senior,Full-Time,Data Scientist,161900,US,On-Site,US,Medium,171625
2023,Senior,Full-Time,Data Analyst,120350,US,Fully Remote,US,Medium,122680
2023,Senior,Full-Time,Data Analyst,110000,US,On-Site,US,Medium,128320
2022,Senior,Full-Time,Data Engineer,50000,US,Fully Remote,US,Medium,157016
2023,Senior,Full-Time,Data Engineer,225300,US,On-Site,US,Medium,163312
2023,Senior,Full-Time,BI Analyst,18381,TR,Fully Remote,TR,Large,62434
2024,Executive,Full-Time,Head of Data,210000,US,On-Site,US,Medium,216497
2022,Senior,Full-Time,Data Analyst,123648,US,On-Site,US,Medium,118314
2022,Senior,Full-Time,Data Engineer,160000,US,On-Site,US,Medium,153391
2023,Senior,Full-Time,Machine Learning Scientist,105500,US,On-Site,US,Medium,202477
2024,Senior,Full-Time,Data Scientist,245000,US,On-Site,US,Medium,171625
2023,Senior,Full-Time,Business Intelligence Engineer,78800,US,On-Site,US,Medium,142464
2023,Senior,Full-Time,ETL Developer,129100,US,On-Site,US,Medium,117938
2023,Senior,Full-Time,Machine Learning Engineer,190000,US,On-Site,US,Medium,201918
2023,Senior,Full-Time,Lead Machine Learning Engineer,115000,MD,Fully Remote,IL,Small,96303
2023,Senior,Full-Time,Data Architect,215000,US,Fully Remote,US,Medium,173332
2023,Mid-Level,Full-Time,Data Scientist,110736,GB,On-Site,GB,Medium,91460
2024,Senior,Full-Time,Data Science Consultant,80000,US,On-Site,US,Medium,139605
2024,Mid-Level,Full-Time,Research Scientist,195200,US,On-Site,US,Large,135265
2024,Senior,Full-Time,Data Architect,103846,CA,Fully Remote,CA,Medium,157433
2023,Mid-Level,Full-Time,Business Intelligence Engineer,65800,US,On-Site,US,Large,128255
2023,Mid-Level,Full-Time,Data Science,223600,US,On-Site,US,Large,135907
2024,Executive,Full-Time,Machine Learning Engineer,232000,US,On-Site,US,Medium,232259
2023,Executive,Full-Time,Data Engineer,145000,US,On-Site,US,Medium,184765
2024,Mid-Level,Full-Time,BI Developer,80420,US,On-Site,US,Medium,110038
2023,Senior,Full-Time,Data Scientist,187200,US,Fully Remote,US,Medium,174953
2024,Mid-Level,Full-Time,Research Engineer,96800,US,On-Site,US,Medium,173952
2023,Mid-Level,Full-Time,Data Engineer,154000,US,On-Site,US,Medium,141383
2024,Entry-Level,Full-Time,Data Analyst,195500,US,On-Site,US,Medium,93773
2022,Entry-Level,Full-Time,Machine Learning Engineer,140250,US,On-Site,US,Medium,118254
2023,Entry-Level,Full-Time,BI Data Analyst,25000,UA,Fully Remote,NL,Medium,6647
2023,Senior,Full-Time,Data Scientist,189750,US,Fully Remote,US,Medium,174953
2023,Mid-Level,Full-Time,Data Developer,100000,US,On-Site,US,Medium,121839
2023,Senior,Full-Time,Data Scientist,122000,US,On-Site,US,Medium,173369
2023,Senior,Full-Time,Machine Learning Scientist,165750,US,Fully Remote,US,Medium,185503
2023,Mid-Level,Full-Time,Data Engineer,186600,US,Fully Remote,US,Medium,137804
2024,Mid-Level,Full-Time,Data Scientist,150000,US,On-Site,US,Medium,135556
2023,Senior,Full-Time,Data Analyst,134000,US,Fully Remote,US,Medium,122680
2023,Senior,Full-Time,Machine Learning Scientist,240000,US,On-Site,US,Medium,202477
2023,Senior,Full-Time,Data Analyst,175000,CA,Fully Remote,CA,Medium,134321
2024,Mid-Level,Full-Time,Data Scientist,68088,US,On-Site,US,Medium,135556
2023,Mid-Level,Full-Time,Data Scientist,165000,US,On-Site,US,Medium,140360
2023,Senior,Full-Time,Machine Learning Engineer,153090,US,On-Site,US,Medium,201918
2024,Senior,Full-Time,Data Scientist,146800,US,On-Site,US,Medium,171625
2024,Senior,Full-Time,Data Scientist,110000,CA,On-Site,CA,Medium,153535
2023,Mid-Level,Full-Time,Research Scientist,280000,GB,Hybrid,GB,Large,118242
2023,Senior,Full-Time,Research Scientist,197500,US,On-Site,US,Medium,207266
2023,Mid-Level,Full-Time,Business Intelligence Specialist,109238,US,On-Site,US,Medium,107474
2022,Entry-Level,Full-Time,Machine Learning Developer,40000,PK,Fully Remote,AU,Medium,47179
2024,Senior,Full-Time,Data Engineer,172200,US,Fully Remote,US,Medium,159871
2024,Mid-Level,Full-Time,Data Engineer,103977,US,On-Site,US,Medium,137171
2024,Senior,Full-Time,Data Architect,123000,US,On-Site,US,Medium,167461
2023,Senior,Full-Time,Data Analyst,98000,US,Fully Remote,US,Medium,122680
2023,Senior,Full-Time,Machine Learning Engineer,210600,GB,Fully Remote,GB,Medium,132573
2024,Mid-Level,Full-Time,Data Scientist,116000,US,On-Site,US,Medium,135556
2024,Senior,Full-Time,Data Scientist,160700,US,Fully Remote,US,Medium,175703
2024,Mid-Level,Full-Time,Business Intelligence,140000,US,Fully Remote,US,Medium,128114
2024,Senior,Full-Time,Analytics Engineer,111648,US,Fully Remote,US,Medium,164732
2023,Senior,Full-Time,Data Engineer,196000,US,On-Site,US,Medium,163312
2024,Senior,Full-Time,Data Architect,186000,US,On-Site,US,Medium,167461
2023,Mid-Level,Full-Time,Research Scientist,185000,US,On-Site,US,Medium,183499
2024,Senior,Full-Time,Machine Learning Engineer,234300,US,On-Site,US,Medium,204712
2024,Senior,Full-Time,AI Engineer,276000,US,On-Site,US,Medium,173098
2023,Mid-Level,Full-Time,Data Engineer,150000,US,Fully Remote,US,Medium,137804
2022,Senior,Full-Time,Data Analyst,119000,US,On-Site,US,Medium,118314
2023,Mid-Level,Full-Time,Data Architect,150000,US,Fully Remote,US,Medium,150650
2023,Executive,Full-Time,Data Engineer,125000,US,On-Site,US,Medium,184765
2023,Senior,Full-Time,Data Analyst,180180,US,On-Site,US,Medium,128320
2024,Mid-Level,Full-Time,Analytics Engineer,115000,GB,Fully Remote,GB,Medium,94936
2023,Entry-Level,Full-Time,Data Scientist,80000,US,On-Site,US,Medium,111924
2024,Entry-Level,Full-Time,Data Analyst,40000,BR,On-Site,BR,Medium,43484
2024,Entry-Level,Full-Time,Data Analyst,88800,US,On-Site,US,Medium,93773
2024,Mid-Level,Full-Time,ETL Developer,120000,US,On-Site,US,Medium,115749
2023,Senior,Full-Time,Prompt Engineer,184000,US,On-Site,US,Medium,175046
2024,Mid-Level,Full-Time,Analytics Engineer,97300,US,On-Site,US,Medium,148408
2023,Senior,Full-Time,Data Architect,175000,US,On-Site,US,Medium,161326
2023,Senior,Full-Time,Data Scientist,278700,US,On-Site,US,Medium,173369
2024,Mid-Level,Full-Time,Business Intelligence Analyst,226844,US,On-Site,US,Medium,118462
2023,Senior,Full-Time,Data Engineer,68400,US,On-Site,US,Medium,163312
2024,Senior,Full-Time,Data Engineer,132000,US,Fully Remote,US,Medium,159871
2024,Entry-Level,Full-Time,Data Analyst,150000,US,Fully Remote,US,Medium,92098
2023,Senior,Full-Time,Data Operations Analyst,77000,GB,On-Site,GB,Medium,96860
2023,Senior,Full-Time,Data Analyst,175000,US,On-Site,US,Medium,128320
2023,Senior,Full-Time,Machine Learning Engineer,241300,US,On-Site,US,Medium,201918
2023,Mid-Level,Full-Time,Research Scientist,150000,US,On-Site,US,Medium,183499
2024,Senior,Full-Time,Business Intelligence Analyst,92500,GB,On-Site,GB,Medium,85507
2024,Senior,Full-Time,Data Scientist,220000,US,Fully Remote,US,Medium,175703
2024,Mid-Level,Full-Time,Business Intelligence Developer,92000,US,On-Site,US,Medium,107496
2024,Senior,Full-Time,Machine Learning Engineer,216700,US,On-Site,US,Medium,204712
2024,Mid-Level,Full-Time,Data Manager,81500,US,On-Site,US,Medium,113053
2023,Senior,Full-Time,Analytics Engineer,181500,US,On-Site,US,Medium,176399
2022,Mid-Level,Full-Time,Machine Learning Engineer,83864,AU,Fully Remote,AU,Large,89770
2023,Mid-Level,Full-Time,Machine Learning Scientist,125000,US,On-Site,US,Medium,167675
2024,Mid-Level,Full-Time,Data Scientist,153700,US,Fully Remote,US,Medium,138704
2023,Senior,Full-Time,Analytics Engineer,130000,US,On-Site,US,Medium,176399
2023,Mid-Level,Full-Time,Data Engineer,198900,US,On-Site,US,Medium,141383
2024,Mid-Level,Full-Time,Data Engineer,220000,US,Fully Remote,US,Medium,136086
2023,Mid-Level,Full-Time,Data Developer,72409,US,Fully Remote,US,Medium,118259
2024,Senior,Full-Time,Data Scientist,106875,US,On-Site,US,Medium,171625
2024,Senior,Full-Time,Data Science,170000,US,On-Site,US,Medium,164623
2024,Senior,Full-Time,ML Engineer,230797,US,Fully Remote,US,Medium,193520
2023,Senior,Full-Time,Machine Learning Engineer,184000,US,Fully Remote,US,Medium,188539
2024,Senior,Full-Time,Data Scientist,101763,CA,On-Site,CA,Medium,153535
2024,Senior,Full-Time,Data Scientist,119700,US,On-Site,US,Medium,171625
2023,Senior,Full-Time,Machine Learning Engineer,163000,US,On-Site,US,Medium,201918
2024,Senior,Full-Time,Data Scientist,71000,US,On-Site,US,Medium,171625
2024,Senior,Full-Time,Research Engineer,62000,US,On-Site,US,Medium,215335
2023,Executive,Full-Time,Head of Data,135344,GB,Fully Remote,GB,Medium,144721
2023,Senior,Full-Time,Data Engineer,103000,US,On-Site,US,Medium,163312
2023,Mid-Level,Full-Time,Data Engineer,97000,US,On-Site,US,Medium,141383
2022,Senior,Full-Time,Data Engineer,130500,US,On-Site,US,Medium,153391
2023,Senior,Full-Time,Data Engineer,156400,US,Fully Remote,US,Medium,158529
2024,Senior,Full-Time,Prompt Engineer,177961,US,On-Site,US,Medium,180531
2022,Entry-Level,Full-Time,Analytics Engineer,130000,US,Hybrid,US,Large,134151
2024,Senior,Full-Time,Data Engineer,175000,US,Fully Remote,US,Medium,159871
2024,Mid-Level,Full-Time,Data Engineer,93000,US,On-Site,US,Medium,137171
2023,Mid-Level,Full-Time,Data Strategist,85000,US,On-Site,US,Medium,103265
2023,Senior,Full-Time,Data Scientist,198300,US,Fully Remote,US,Medium,174953
2023,Mid-Level,Full-Time,Machine Learning Engineer,140000,US,Fully Remote,US,Medium,155230
2023,Entry-Level,Full-Time,Data Engineer,60000,US,On-Site,US,Medium,111560
2024,Senior,Full-Time,AI Engineer,195000,US,Fully Remote,US,Medium,159907
2023,Senior,Full-Time,Analytics Engineer,214000,GB,On-Site,GB,Medium,142899
2023,Senior,Full-Time,Data Scientist,186000,US,On-Site,US,Medium,173369
2023,Senior,Full-Time,Data Specialist,72000,US,On-Site,US,Medium,127869
2023,Mid-Level,Full-Time,Data Quality Analyst,70000,US,On-Site,US,Medium,103983
2024,Mid-Level,Full-Time,Research Scientist,239600,US,Fully Remote,US,Medium,161179
2023,Senior,Full-Time,Analytics Engineer,289800,GB,On-Site,GB,Medium,142899
2023,Executive,Full-Time,Data Engineer,98432,GB,On-Site,GB,Medium,130474
2024,Senior,Full-Time,Data Engineer,190000,AU,On-Site,AU,Medium,171401
2023,Senior,Full-Time,Data Scientist,206000,US,On-Site,US,Medium,173369
2023,Executive,Full-Time,Data Engineer,200000,US,Fully Remote,US,Medium,197288
2022,Mid-Level,Full-Time,Data Specialist,135000,US,On-Site,US,Medium,96634
2024,Senior,Full-Time,Data Engineer,250000,US,On-Site,US,Medium,162159
2023,Senior,Full-Time,Machine Learning Engineer,204500,US,Fully Remote,US,Medium,188539
2024,Mid-Level,Full-Time,Data Analyst,138000,US,On-Site,US,Medium,107663
2023,Senior,Full-Time,Data Engineer,285000,US,On-Site,US,Medium,163312
2023,Mid-Level,Full-Time,Machine Learning Researcher,150000,US,Fully Remote,US,Medium,153116
2024,Senior,Full-Time,Data Scientist,93300,US,On-Site,US,Medium,171625
2023,Senior,Full-Time,Analytics Engineer,155000,US,On-Site,US,Medium,176399
2023,Senior,Full-Time,Data Analyst,93919,US,Fully Remote,US,Medium,122680
2023,Senior,Full-Time,Data Analyst,126500,US,Fully Remote,US,Medium,122680
2024,Mid-Level,Full-Time,Data Engineer,93500,US,On-Site,US,Medium,137171
2024,Executive,Full-Time,Data Science Director,212000,US,On-Site,US,Medium,181155
2023,Mid-Level,Full-Time,Machine Learning Engineer,147648,GB,On-Site,GB,Medium,116248
2023,Senior,Full-Time,Data Engineer,204000,US,On-Site,US,Medium,163312
2023,Executive,Full-Time,Data Engineer,286000,US,Fully Remote,US,Medium,197288
2023,Senior,Full-Time,Data Scientist,317070,US,On-Site,US,Medium,173369
2022,Entry-Level,Full-Time,Data Scientist,168000,US,Fully Remote,US,Medium,111186
2023,Senior,Full-Time,Data Engineer,141600,US,On-Site,US,Medium,163312
2023,Entry-Level,Full-Time,Data Analyst,90000,US,On-Site,US,Medium,86195
2022,Mid-Level,Full-Time,Data Scientist,83171,AU,On-Site,AU,Large,98678
2023,Entry-Level,Full-Time,Data Manager,149800,US,On-Site,US,Medium,85072
2023,Senior,Full-Time,Data Scientist,139500,US,On-Site,US,Medium,173369
2022,Senior,Full-Time,ETL Developer,124270,US,Fully Remote,US,Medium,144494
2023,Mid-Level,Full-Time,Analytics Engineer,190000,CA,Fully Remote,CA,Medium,185715
2024,Senior,Full-Time,Machine Learning Scientist,90000,US,On-Site,US,Medium,204638
2023,Senior,Full-Time,Machine Learning Engineer,113400,US,Fully Remote,US,Medium,188539
2024,Senior,Full-Time,Data Scientist,191027,US,On-Site,US,Medium,171625
2023,Senior,Full-Time,Business Intelligence Analyst,132320,US,Fully Remote,US,Medium,130881
2023,Senior,Full-Time,Data Scientist,172500,US,On-Site,US,Medium,173369
2023,Mid-Level,Full-Time,Data Analyst,50000,US,On-Site,US,Medium,106011
2024,Senior,Full-Time,Data Analytics Lead,205400,US,On-Site,US,Medium,143366
2024,Senior,Full-Time,Data Scientist,100000,US,On-Site,US,Medium,171625
2024,Senior,Full-Time,Data Architect,139800,US,On-Site,US,Medium,167461
2023,Senior,Full-Time,Data Engineer,134500,US,On-Site,US,Medium,163312
2024,Mid-Level,Full-Time,Data Scientist,94400,US,On-Site,US,Medium,135556
2024,Mid-Level,Full-Time,Data Engineer,87500,GB,On-Site,GB,Medium,75449
2024,Mid-Level,Full-Time,Business Intelligence Analyst,181280,US,On-Site,US,Medium,118462
2024,Mid-Level,Full-Time,Data Engineer,105000,US,On-Site,US,Medium,137171
2023,Senior,Full-Time,AI Engineer,242000,US,On-Site,US,Medium,176286
2024,Entry-Level,Full-Time,Data Analyst,77000,US,Fully Remote,US,Medium,92098
2024,Mid-Level,Full-Time,Big Data Developer,117000,US,On-Site,US,Large,118456
2023,Mid-Level,Full-Time,Research Scientist,162170,US,Fully Remote,US,Medium,171266
2023,Senior,Full-Time,Research Engineer,86374,DE,Fully Remote,DE,Small,104360
2024,Senior,Full-Time,Computational Biologist,165384,CA,On-Site,CA,Medium,169608
2023,Senior,Full-Time,Machine Learning Engineer,234000,US,Fully Remote,US,Medium,188539
2024,Senior,Full-Time,Data Scientist,253430,US,On-Site,US,Medium,171625
2024,Mid-Level,Full-Time,Data Science,81500,US,On-Site,US,Medium,139634
2022,Senior,Full-Time,Data Analyst,175000,US,Fully Remote,US,Medium,118871
2022,Senior,Full-Time,Data Scientist,93800,US,On-Site,US,Medium,152924
2023,Mid-Level,Full-Time,Analytics Engineer,91260,US,On-Site,US,Medium,150707
2023,Mid-Level,Full-Time,Data Scientist,135344,GB,On-Site,GB,Medium,91460
2024,Mid-Level,Full-Time,Data Engineer,80800,US,On-Site,US,Medium,137171
2024,Senior,Full-Time,Machine Learning Engineer,146100,US,Fully Remote,US,Medium,196074
2023,Senior,Full-Time,Data Scientist,195000,US,On-Site,US,Medium,173369
2023,Mid-Level,Full-Time,Research Engineer,85445,US,On-Site,US,Medium,172908
2023,Senior,Full-Time,Data Engineer,210000,CA,Fully Remote,CA,Medium,153416
2023,Mid-Level,Full-Time,Data Analyst,46500,US,On-Site,US,Medium,106011
2023,Senior,Full-Time,AI Engineer,180500,US,Fully Remote,US,Medium,167112
2024,Mid-Level,Full-Time,Data Engineer,120000,US,On-Site,US,Medium,137171
2024,Senior,Full-Time,Data Analyst,84870,US,On-Site,US,Medium,130006
2023,Mid-Level,Full-Time,Data Scientist,138510,US,On-Site,US,Medium,140360
2023,Entry-Level,Full-Time,Data Analyst,81500,US,Fully Remote,US,Medium,79277
2022,Mid-Level,Full-Time,Data Engineer,118000,US,Fully Remote,US,Medium,138127
2024,Senior,Full-Time,Business Intelligence Engineer,145000,US,On-Site,US,Medium,141312
2023,Senior,Full-Time,Data Strategist,86000,US,On-Site,US,Medium,127869
2023,Senior,Full-Time,Data Architect,184000,US,On-Site,US,Medium,161326
2023,Entry-Level,Full-Time,Data Engineer,73900,US,On-Site,US,Medium,111560
2024,Senior,Full-Time,Data Scientist,56250,GB,On-Site,GB,Medium,114350
2022,Senior,Full-Time,Data Scientist,205000,US,Fully Remote,US,Medium,163950
2024,Senior,Full-Time,Business Intelligence Lead,144300,US,Fully Remote,US,Medium,131792
2023,Senior,Full-Time,Data Engineer,150600,US,Fully Remote,US,Medium,158529
2023,Mid-Level,Full-Time,Data Scientist,310000,US,On-Site,US,Medium,140360
2023,Senior,Full-Time,Research Engineer,177700,US,On-Site,US,Medium,207266
2024,Senior,Full-Time,Data Architect,146000,US,On-Site,US,Medium,167461
2023,Senior,Full-Time,Data Engineer,123700,US,On-Site,US,Large,163396
2024,Mid-Level,Full-Time,Cloud Database Engineer,106000,US,On-Site,US,Medium,123505
2023,Executive,Full-Time,Director of Data Science,225000,US,Fully Remote,US,Medium,280548
2024,Executive,Full-Time,Business Intelligence,176900,US,On-Site,US,Medium,157992
2024,Mid-Level,Full-Time,Cloud Database Engineer,82000,US,Fully Remote,US,Medium,115710
2023,Mid-Level,Full-Time,Data Analyst,75000,US,Fully Remote,US,Medium,100557
2023,Entry-Level,Full-Time,AI Scientist,20000,TR,Fully Remote,TR,Small,21656
2024,Mid-Level,Full-Time,Data Scientist,130000,US,On-Site,US,Medium,135556
2024,Senior,Full-Time,Data Scientist,127300,US,On-Site,US,Large,168284
2024,Mid-Level,Full-Time,Data Analyst,68000,US,On-Site,US,Medium,107663
2023,Entry-Level,Full-Time,Data Manager,85600,US,On-Site,US,Medium,85072
2023,Mid-Level,Full-Time,ML Engineer,300000,AU,On-Site,AU,Medium,254833
2024,Senior,Full-Time,Research Analyst,152400,US,Fully Remote,US,Medium,135751
2024,Mid-Level,Full-Time,Machine Learning Engineer,250900,US,On-Site,US,Medium,165956
2023,Senior,Full-Time,Machine Learning Engineer,172800,US,On-Site,US,Medium,201918
2023,Senior,Full-Time,Analytics Engineer,208500,US,On-Site,US,Medium,176399
2022,Mid-Level,Full-Time,Data Analyst,43096,GB,On-Site,GB,Medium,63844
2022,Executive,Full-Time,Head of Machine Learning,76309,IN,Hybrid,IN,Large,74485
2024,Mid-Level,Full-Time,AI Engineer,166000,US,On-Site,US,Medium,139818
2024,Mid-Level,Full-Time,Data Engineer,80000,US,Fully Remote,US,Medium,136086
2024,Senior,Full-Time,Machine Learning Scientist,132000,US,On-Site,US,Medium,204638
2023,Senior,Full-Time,Business Intelligence Analyst,79700,US,On-Site,US,Medium,138060
2024,Mid-Level,Full-Time,Business Intelligence Developer,70650,US,On-Site,US,Medium,107496
2023,Entry-Level,Full-Time,Data Analyst,65000,US,On-Site,US,Medium,86195
2024,Senior,Full-Time,Data Architect,119250,US,Fully Remote,US,Medium,174675
2023,Senior,Full-Time,Machine Learning Engineer,240000,GB,On-Site,GB,Medium,169452
2024,Senior,Full-Time,Data Product Manager,170000,US,On-Site,US,Medium,168824
2023,Mid-Level,Full-Time,AI Engineer,40680,GB,On-Site,GB,Medium,56512
2024,Mid-Level,Full-Time,Research Scientist,81500,US,Fully Remote,US,Medium,161179
2022,Senior,Full-Time,Data Scientist,50000,US,Fully Remote,US,Medium,163950
2023,Mid-Level,Full-Time,Machine Learning Engineer,48000,VN,Fully Remote,VN,Medium,69374
2023,Executive,Full-Time,Head of Machine Learning,330000,US,On-Site,US,Medium,250316
2024,Senior,Full-Time,Analytics Engineer,259900,CA,Fully Remote,CA,Medium,220714
2024,Senior,Full-Time,Data Scientist,720000,US,On-Site,US,Medium,171625
2024,Mid-Level,Full-Time,Data Analyst,150000,US,On-Site,US,Medium,107663
2023,Senior,Full-Time,Business Intelligence Engineer,139000,US,On-Site,US,Medium,142464
2024,Senior,Full-Time,Data Scientist,139000,US,On-Site,US,Medium,171625
2023,Senior,Full-Time,Applied Scientist,164000,US,On-Site,US,Medium,186452
2024,Mid-Level,Full-Time,Data Science Engineer,135000,US,Fully Remote,US,Medium,134115
2023,Senior,Full-Time,Data Scientist,167000,US,On-Site,US,Medium,173369
2024,Executive,Full-Time,AI Engineer,150000,US,On-Site,US,Medium,153533
2023,Senior,Full-Time,Data Analyst,146200,US,On-Site,US,Medium,128320
2024,Mid-Level,Full-Time,Data Analytics Consultant,94625,US,Fully Remote,US,Medium,112178
2023,Mid-Level,Full-Time,Data Engineer,143000,US,On-Site,US,Medium,141383
2022,Senior,Full-Time,Data Science Manager,206000,US,Fully Remote,US,Medium,176349
2023,Executive,Full-Time,Data Manager,72000,MX,Fully Remote,MX,Small,63576
2024,Executive,Full-Time,Data Engineer,204500,US,On-Site,US,Medium,185494
2024,Senior,Full-Time,Data Scientist,240000,US,Fully Remote,US,Medium,175703
2024,Senior,Full-Time,Robotics Software Engineer,240000,US,On-Site,US,Medium,225722
2022,Executive,Full-Time,Data Engineer,187200,US,Fully Remote,US,Medium,197612
2023,Senior,Full-Time,Research Scientist,124100,US,On-Site,US,Large,204470
2024,Senior,Full-Time,Research Engineer,240000,US,On-Site,US,Medium,215335
2023,Senior,Full-Time,Data Scientist,146600,US,On-Site,US,Medium,173369
2023,Senior,Full-Time,Data Analyst,133000,US,Fully Remote,US,Medium,122680
2024,Mid-Level,Full-Time,Data Science Manager,240000,US,On-Site,US,Medium,186008
2023,Senior,Full-Time,Data Analyst,103200,US,On-Site,US,Medium,128320
2024,Senior,Full-Time,Research Scientist,360000,US,On-Site,US,Medium,215335
2023,Senior,Full-Time,Data Manager,82500,US,Fully Remote,US,Medium,115052
2023,Senior,Full-Time,ML Engineer,192000,US,Fully Remote,US,Medium,208784
2024,Mid-Level,Full-Time,Data Specialist,88000,US,On-Site,US,Medium,99453
2023,Senior,Full-Time,Machine Learning Engineer,192000,US,Fully Remote,US,Medium,188539
2023,Senior,Full-Time,Data Modeler,100000,US,On-Site,US,Medium,135577
2023,Mid-Level,Full-Time,Data Engineer,136000,US,Fully Remote,US,Medium,137804
2023,Senior,Full-Time,Computer Vision Engineer,235000,US,On-Site,US,Medium,199001
2023,Senior,Full-Time,Data Modeler,160000,US,On-Site,US,Medium,135577
2024,Senior,Full-Time,Machine Learning Engineer,195000,US,Fully Remote,US,Medium,196074
2023,Senior,Full-Time,Machine Learning Infrastructure Engineer,145000,US,On-Site,US,Medium,201877
2022,Executive,Full-Time,Director of Data Science,192037,CA,Hybrid,CA,Large,172783
2024,Senior,Full-Time,Research Scientist,202350,US,On-Site,US,Medium,215335
2022,Senior,Full-Time,Data Engineer,154600,US,Fully Remote,US,Medium,157016
2024,Executive,Full-Time,Data Science,326000,US,Fully Remote,US,Medium,218979
2023,Mid-Level,Full-Time,Business Intelligence Analyst,62500,US,Fully Remote,US,Medium,111857
2023,Senior,Full-Time,Data Scientist,124600,US,On-Site,US,Medium,173369
2023,Senior,Full-Time,NLP Engineer,135000,US,On-Site,US,Medium,227106
2024,Mid-Level,Full-Time,Machine Learning Engineer,220000,US,On-Site,US,Medium,165956
2024,Mid-Level,Full-Time,Data Scientist,103000,US,Fully Remote,US,Medium,138704
2023,Senior,Full-Time,ML Engineer,336300,US,On-Site,US,Medium,206066
2024,Senior,Full-Time,Data Analyst,59923,US,On-Site,US,Medium,130006
2023,Senior,Full-Time,Data Scientist,187415,US,On-Site,US,Medium,173369
2024,Senior,Full-Time,Machine Learning Engineer,233840,US,On-Site,US,Medium,204712
2024,Mid-Level,Full-Time,Machine Learning Engineer,185800,US,Fully Remote,US,Medium,159909
2023,Entry-Level,Full-Time,Machine Learning Engineer,47840,US,On-Site,US,Medium,128837
2024,Senior,Full-Time,Data Scientist,146000,US,On-Site,US,Medium,171625
2023,Senior,Full-Time,Data Scientist,115000,CA,Fully Remote,CA,Medium,159714
2023,Senior,Full-Time,Data Science Engineer,140000,US,On-Site,US,Medium,174233
2023,Mid-Level,Full-Time,Data Engineer,205600,US,On-Site,US,Large,141468
2023,Senior,Full-Time,Machine Learning Engineer,242921,US,On-Site,US,Medium,201918
2023,Senior,Full-Time,Applied Scientist,126100,US,On-Site,US,Large,223259
2023,Senior,Full-Time,Data Engineer,106500,US,On-Site,US,Medium,163312
2022,Executive,Full-Time,Data Engineer,260000,US,Fully Remote,US,Medium,197612
2023,Executive,Full-Time,Data Analyst,125000,US,Fully Remote,US,Medium,136741
2023,Mid-Level,Full-Time,Data Modeller,110736,GB,On-Site,GB,Medium,76760
2024,Senior,Full-Time,Data Engineer,104000,US,On-Site,US,Medium,162159
2023,Senior,Full-Time,Data Quality Analyst,95000,US,On-Site,US,Medium,125912
2023,Senior,Full-Time,Analytics Engineer,108320,US,Fully Remote,US,Medium,165674
2022,Mid-Level,Full-Time,Data Engineer,170000,US,On-Site,US,Medium,135676
2023,Senior,Full-Time,Data Architect,134000,US,On-Site,US,Medium,161326
2023,Senior,Full-Time,Business Intelligence Engineer,247500,US,On-Site,US,Medium,142464
2023,Senior,Full-Time,Data Scientist,142436,GB,On-Site,GB,Medium,123539
2023,Senior,Full-Time,Data Architect,160000,US,Fully Remote,US,Medium,173332
2024,Senior,Full-Time,Data Scientist,240000,FR,On-Site,FR,Medium,135185
2024,Senior,Full-Time,Data Scientist,125000,US,Fully Remote,US,Medium,175703
2023,Mid-Level,Full-Time,Machine Learning Engineer,95000,PT,Fully Remote,PT,Medium,53005
2024,Entry-Level,Full-Time,Data Scientist,154800,US,On-Site,US,Medium,108461
2024,Entry-Level,Part-Time,Applied Scientist,151260,US,On-Site,US,Large,162165
2023,Executive,Full-Time,Data Engineer,136000,US,Fully Remote,US,Medium,197288
2023,Senior,Full-Time,Machine Learning Infrastructure Engineer,165400,GB,On-Site,GB,Medium,169412
2020,Entry-Level,Full-Time,Data Analyst,22809,PT,Fully Remote,PT,Medium,20039
2023,Senior,Full-Time,Data Engineer,260000,US,On-Site,US,Medium,163312
2023,Senior,Full-Time,NLP Engineer,275000,US,On-Site,US,Medium,227106
2022,Mid-Level,Full-Time,Data Scientist,94560,FR,Fully Remote,FR,Medium,72090
2023,Entry-Level,Full-Time,AI Research Engineer,24322,IN,Fully Remote,CH,Large,32175
2023,Senior,Full-Time,Data Engineer,147100,US,On-Site,US,Medium,163312
2024,Executive,Full-Time,Data Engineer,258500,US,On-Site,US,Medium,185494
2024,Mid-Level,Full-Time,Machine Learning Scientist,140000,US,On-Site,US,Medium,165922
2024,Senior,Full-Time,Data Engineer,215000,US,On-Site,US,Medium,162159
2023,Entry-Level,Full-Time,Data Scientist,130000,US,On-Site,US,Medium,111924
2024,Senior,Full-Time,Research Scientist,180000,US,Fully Remote,US,Medium,187715
2024,Senior,Full-Time,Data Scientist,136500,US,Fully Remote,US,Medium,175703
2023,Mid-Level,Full-Time,Data Scientist,145000,US,Fully Remote,US,Medium,141014
2023,Senior,Full-Time,Machine Learning Engineer,284310,US,On-Site,US,Medium,201918
2024,Mid-Level,Full-Time,BI Developer,54532,GB,On-Site,GB,Medium,60683
2022,Mid-Level,Full-Time,Data Analyst,42026,ES,Fully Remote,ES,Medium,38753
2024,Mid-Level,Full-Time,Data Analyst,134500,US,On-Site,US,Medium,107663
2023,Mid-Level,Full-Time,Data Analyst,90000,US,Fully Remote,US,Medium,100557
2023,Senior,Full-Time,Machine Learning Engineer,90000,CO,On-Site,CO,Medium,153109
2023,Senior,Full-Time,Data Engineer,124935,ZA,On-Site,ZA,Medium,80330
2024,Senior,Full-Time,Research Scientist,164300,US,On-Site,US,Medium,215335
2022,Entry-Level,Full-Time,Machine Learning Scientist,80000,CA,Hybrid,US,Small,70988
2024,Mid-Level,Full-Time,Data Science,190000,US,On-Site,US,Medium,139634
2024,Senior,Full-Time,Data Engineer,140000,US,On-Site,US,Medium,162159
2023,Senior,Full-Time,Data Scientist,64781,ES,On-Site,ES,Medium,89159
2024,Entry-Level,Full-Time,Data Analyst,55000,US,On-Site,US,Medium,93773
2022,Mid-Level,Full-Time,Data Scientist,73546,NL,Hybrid,NL,Large,54239
2023,Mid-Level,Full-Time,Research Engineer,300000,US,On-Site,US,Medium,172908
2023,Senior,Full-Time,Business Intelligence Engineer,180000,US,On-Site,US,Medium,142464
2023,Mid-Level,Full-Time,Data Analyst,109000,US,On-Site,US,Medium,106011
2024,Senior,Full-Time,Data Engineer,175000,US,On-Site,US,Medium,162159
2024,Senior,Full-Time,Analytics Engineer,130000,US,Fully Remote,US,Medium,164732
2023,Senior,Full-Time,Machine Learning Scientist,204500,CA,On-Site,CA,Medium,180677
2024,Entry-Level,Full-Time,Data Engineer,110000,US,On-Site,US,Medium,111848
2023,Senior,Full-Time,Data Scientist,297300,US,Fully Remote,US,Medium,174953
2023,Senior,Full-Time,Data Scientist,167560,US,Fully Remote,US,Medium,174953
2023,Mid-Level,Full-Time,Data Scientist,145000,US,On-Site,US,Medium,140360
2023,Senior,Full-Time,Data Engineer,100000,US,Fully Remote,US,Medium,158529
2023,Mid-Level,Full-Time,Data Analyst,126000,US,On-Site,US,Medium,106011
2023,Senior,Full-Time,AI Engineer,212000,US,On-Site,US,Medium,176286
2024,Mid-Level,Full-Time,Data Analyst,79645,US,Fully Remote,US,Medium,107696
2024,Senior,Full-Time,Data Management Specialist,116500,US,On-Site,US,Medium,138041
2023,Senior,Full-Time,Data Scientist,239000,US,On-Site,US,Large,171916
2024,Mid-Level,Full-Time,Data Scientist,172200,US,Fully Remote,US,Medium,138704
2023,Senior,Full-Time,Data Analyst,38868,EE,On-Site,EE,Medium,56507
2024,Senior,Full-Time,Machine Learning Engineer,220067,US,Fully Remote,US,Medium,196074
2023,Senior,Full-Time,ML Engineer,208450,US,On-Site,US,Medium,206066
2023,Mid-Level,Full-Time,Business Intelligence Analyst,119000,US,On-Site,US,Medium,117311
2023,Senior,Full-Time,Data Analyst,105000,US,Fully Remote,US,Medium,122680
2023,Senior,Full-Time,Machine Learning Engineer,311000,US,On-Site,US,Medium,201918
2023,Mid-Level,Full-Time,Data Analytics Lead,104584,GB,On-Site,GB,Medium,92504
2023,Senior,Full-Time,Data Analyst,142000,US,Fully Remote,US,Medium,122680
2023,Senior,Full-Time,Data Engineer,192000,US,On-Site,US,Medium,163312
2023,Mid-Level,Full-Time,Data Strategist,115500,US,On-Site,US,Medium,103265
2023,Senior,Full-Time,Data Scientist,41027,ES,On-Site,ES,Medium,89159
2023,Mid-Level,Full-Time,Data Engineer,150000,US,On-Site,US,Medium,141383
2024,Senior,Full-Time,Machine Learning Engineer,257000,US,On-Site,US,Medium,204712
2023,Senior,Full-Time,Data Science Lead,170000,US,On-Site,US,Medium,174233
2023,Senior,Full-Time,Data Scientist,207500,US,Fully Remote,US,Medium,174953
2024,Senior,Full-Time,Data Scientist,206000,US,On-Site,US,Medium,171625
2024,Mid-Level,Full-Time,Data Science,243500,US,On-Site,US,Medium,139634
2024,Senior,Full-Time,Data Scientist,55555,FR,Fully Remote,FR,Medium,127265
2023,Mid-Level,Full-Time,Data Engineer,85300,CA,On-Site,CA,Medium,131654
2023,Mid-Level,Contract,Business Data Analyst,35000,PH,Fully Remote,US,Medium,37131
2024,Senior,Full-Time,Machine Learning Scientist,84500,US,On-Site,US,Medium,204638
2023,Senior,Full-Time,Data Scientist,134000,US,On-Site,US,Medium,173369
2024,Executive,Full-Time,Head of Data,290000,US,Fully Remote,US,Medium,253091
2023,Senior,Full-Time,Applied Scientist,220000,US,On-Site,US,Medium,186452
2023,Entry-Level,Full-Time,Data Scientist,50000,IN,Fully Remote,US,Medium,50411
2023,Entry-Level,Full-Time,Data Analyst,48000,US,On-Site,US,Medium,86195
2024,Senior,Full-Time,Machine Learning Engineer,165384,CA,On-Site,CA,Medium,180643
2024,Senior,Full-Time,Research Scientist,214000,US,Fully Remote,US,Medium,187715
2024,Senior,Full-Time,Data Engineer,185800,US,Fully Remote,US,Medium,159871
2023,Senior,Full-Time,Data Architect,94000,US,On-Site,US,Medium,161326
2023,Mid-Level,Full-Time,Machine Learning Engineer,149094,US,On-Site,US,Medium,167075
2023,Senior,Full-Time,ML Engineer,152000,US,On-Site,US,Medium,206066
2024,Mid-Level,Full-Time,AI Engineer,151000,US,On-Site,US,Medium,139818
2023,Senior,Full-Time,Machine Learning Infrastructure Engineer,75577,FR,Fully Remote,FR,Medium,113726
2024,Senior,Full-Time,Machine Learning Engineer,153000,US,On-Site,US,Medium,204712
2022,Entry-Level,Full-Time,AI Scientist,31520,PT,Fully Remote,ES,Medium,10021
